,crash_type,report_made,date_time,case_number,district,location,road_type,ticket_arrest,citation_to,biker_gender,biker_city_of_residence,biker_zip_code,driver_gender,driver_city_res,driver_zip_code,injury_to_biker,level_of_injury_to_biker,biker_to_hospital,location_1,count,:@computed_region_jitf_9zyt,:@computed_region_dysk_fpxp,ped_age,ped_gender,ped_city_res,ped_zip_code,injury_to_pedestrian,level_of_injury_to_ped,pedestrian_to_hospital,lanes_of_traffic,signal_present,speed_limit,synopsis,driver_age,biker_age
141,Bike,Yes,2017-07-26T11:55:00.000,17-173536,Central District,Rice St & Wheelock Pkwy,County - State Aid Highway,No,None,Male,St. Paul,55117,Male,St. Paul,55113,No,None,No,"{'latitude': '44.98999658', 'longitude': '-93.10579662'}",1,3,3,,,,,,,,4,Yes,30,"Driver EB Wheelock, making right turn to SB Rice.  Biker SB on W sidewalk of Rice.",43,32
142,Bike,Yes,2016-08-07T17:17:00.000,16-157847,Western District,University Ave W & Aldine St,County - State Aid Highway,No,None,Male,St. Paul,55104,Female,Columbus,55025,Yes,Possible Injury,Yes,"{'latitude': '44.955592', 'longitude': '-93.172087'}",1,17,4,,,,,,,,6,Yes,30,,49,16
143,Bike,Yes,2018-07-23T19:12:00.000,18-164242,Central District,Rice & Larpenteur,Private,Yes,Driver,Male,Forest Lake,55025,Male,St. Paul,55117,Yes,Possible Injury,No,"{'latitude': '44.99181005', 'longitude': '-93.10581802'}",1,3,3,,,,,,,,Parking Lot,No,10,driver exiting parking lot struck biker on the sidewalk,11,54
144,Bike,Yes,2016-08-18T12:26:00.000,16-165962,Western District,Marshall Ave & Syndicate St N,County - State Aid Highway,No,None,Female,St. Paul,55105,Male,St. Paul,55102,Yes,Suspected Serious Injury,Yes,"{'latitude': '44.948526', 'longitude': '-93.154264'}",1,17,7,,,,,,,,2,No,30,,57,14
145,Pedestrian,Yes,2017-06-15T13:01:00.000,17-136905,Western District,1739 Carrol Ave,City,Yes,Driver,,,,Male,St. Paul,55104,,,,"{'latitude': '44.95026147', 'longitude': '-93.17245827'}",1,17,4,16,Female,St. Paul,55107,Yes,Suspected Minor Injury,Yes,2,No,30,Vehicle intentionally ran over pedestrian after a physical fight.  Driver was arrested and has been charged with Assault 2nd Degree.,22,
146,Pedestrian,Yes,2017-01-04T22:32:00.000,17-002785,Western District,Dale St N & St. Anthony Ave,County - State Aid Highway,Yes,Driver,,,,Male,Roseville,55113,,,,"{'latitude': '44.952123', 'longitude': '-93.12633'}",1,9,7,36,Female,St. Paul,55102,No,None,No,5,Yes,30,"Vehicle was NB Dale, making left turn on green light to St Anthony.  Ped was SB in W crosswalk with walk signal.  Vehicle struck ped.  Driver cited for failure to yield right of way.",32,
147,Pedestrian,Yes,2017-04-09T17:35:00.000,17-077377,Western District,Hamline Ave N & Marshall,Municipal State Aid,No,None,,,,Male,St. Paul,55101,,,,"{'latitude': '44.94847918', 'longitude': '-93.15695893'}",1,17,7,39,Male,Milwaukee,53208,No,None,No,4,Yes,30,"Vehicle was EB Marshall at red light and began to crepe forward to make a right turn.  Pedestrian had a walk signal and was crossing NB in W crosswalk.  Vehicle bumped into pedestrian, no injury.",25,
148,Pedestrian,Yes,2017-12-31T17:37:00.000,17-298590,Central District,Broadway St N & 5 St E,municipal State Aid,No,None,,,,Male,Minneapolis,55407,,,,"{'latitude': '44.95056756', 'longitude': '-93.08549334'}",1,12,5,59,Female,Alexandria,56308,Yes,Possible Injury,Yes,3,No,30,Driver was backing into a parking spot on Broadway.  Pedestrian was crossing mid-block and was struck by vehicle.,31,
149,Bike,Yes,2016-09-19T18:26:00.000,16-191728,Western District,Ford Pkwy & Mt Curve,County - State Aid Highway,Yes,Driver,Female,Minneapolis,55406,Female,St. Paul,55116,Yes,Suspected Minor Injury,No,"{'latitude': '44.917855', 'longitude': '-93.195583'}",1,6,6,,,,,,,,4,No,30,,43,49
150,Pedestrian,Yes,2018-01-30T19:00:00.000,18-020949,Central District,14th St & Jackson St,Municiapl State Aid,No,None,,,,Male,Shakopee,55075,,,,"{'latitude': '44.95514214', 'longitude': '-93.09646229'}",1,12,5,25,Female,Minneapolis,55415,Yes,Suspected Minor Injury,Yes,5,Yes,30,Pedestrian was struck by a vehicle while crossing the street.  Pedestrian walked to hosptial and was treated/reelased prior to the officers arriving.,70,
151,Bike,No,2016-10-25T18:56:00.000,16-220015,Western District,Montreal Ave & Howell,Municipal Aid Street,No,None,Male,Unknown,Unknown,Unknown,Unknown,Unknown,No,None,No,"{'latitude': '44.912491', 'longitude': '-93.18121'}",1,6,6,,,,,,,,2,No,30,"no report; per e-mail, citizen was biking in traffic lane (with lights and reflective clothing) when vehicle struck him.",,
152,Bike,No,2016-06-15T17:45:00.000,16-119269,Western District,Marshall Ave & Cretin,County - State Aid Highway,No,None,Unknown,Unknown,Unknown,Unknown,Unknown,Unknown,No,None,No,"{'latitude': '44.948367', 'longitude': '-93.192427'}",1,17,4,,,,,,,,,,,,,
153,Bike,Yes,2016-10-08T16:54:00.000,16-206730,Eastern District,Arcade St & Jenks,State - Trunk Highway,No,None,Male,St. Paul,55106,Male,St. Paul,55119,Yes,Suspected Minor Injury,Yes,"{'latitude': '44.97165737', 'longitude': '-93.06595957'}",1,13,1,,,,,,,,4,No,30,Bike was riding fast on sidewalk and struck a vehicle emerging from the alley at this intersection.,54,16
154,Bike,Yes,2016-06-30T12:39:00.000,16-131034,Western District,616 Mississippi River Blvd S,City Street,No,None,Female,St. Paul,55105,Female,Shakopee,55379,Yes,Suspected Minor Injury,Yes,"{'latitude': '44.922484', 'longitude': '-93.196361'}",1,6,6,,,,,,,,,,,,51,14
155,Bike,Yes,2017-08-16T01:19:00.000,17-191939,Western District,Fairview Ave S & Wellesley,City,No,None,Male,St. Paul,55106,Male,St. Paul,55105,Yes,Possible Injury,No,"{'latitude': '44.93158817', 'longitude': '-93.17612424'}",1,5,6,,,,,,,,2,No,30,"Driver was EB Wellesley.  Biker WB Wellesley.  They collided.  No independent witnesses, each claimed the other was at fault.",24,46
156,Pedestrian,Yes,2016-05-29T17:38:00.000,16-105577,Central District,7th St W & McBoal St,State - Trunk Highway,No,None,,,,Female,Minneapolis,55406,,,,"{'latitude': '44.93896', 'longitude': '-93.1102'}",1,11,5,,Unknown,Unknown,Unknown,No,None,No,,,,,58,
157,Pedestrian,Yes,2017-02-17T14:57:00.000,17-035232,Central District,Robert St S & Isabel St E,State - Trunk Highway,No,None,,,,Unknown,Unknown,Unknown,,,,"{'latitude': '44.93309764', 'longitude': '-93.08083647'}",1,7,5,18,Female,St. Paul,55107,Yes,Suspected Minor Injury,No,2,No,30,"Vehicle was WB Isabel, making left turn onto SB Robert.  Pedestrian was crossing Robert when struck by vehicle.  Vehicle fled scene.  Minor injuries to pedestrian.",,
158,Bike,Yes,2017-10-17T17:09:00.000,17-245093,Central District,Como Ave W & Farrington St,City,Yes,Driver,Male,Roseville,55113,Male,Vadnais Heights,55109,Yes,Possible Injury,No,"{'latitude': '44.96275', 'longitude': '-93.112566'}",1,10,7,,,,,,,,2,Yes,30,"Driver parked vehicle in a bike lane and exited the car, striking a biker who was legally riding in the lane.  Driver cited for unsafe opening of car door.",43,39
159,Pedestrian,Yes,2016-05-21T14:33:00.000,16-099282,Central District,University Ave W & Marion St,County - State Aid Highway,Yes,Driver,,,,Male,St. Paul,55106,,,,"{'latitude': '44.955712', 'longitude': '-93.109407'}",1,9,7,53,Female,St. Paul,55117,Yes,Suspected Minor Injury,Yes,,,,,59,
160,Pedestrian,No,2017-03-06T18:15:00.000,17-048859,Eastern District,Maryland Ave E & Etna Street,Private,No,None,,,,Male,Unknown,Unknown,,,,"{'latitude': '44.977538', 'longitude': '-93.041872'}",1,14,1,,Female,Unknown,Unknown,No,None,No,0,No,10,"Vehicle was driving through parking lot and struck pedestrian at low speed.  No injuries.  Police were called, but the pedestrian was not cooperative and began to swear at the police and the driver.  The pedestrian refused to identify herself and left the area.",19,
161,Pedestrian,Yes,2017-07-13T19:23:00.000,17-162389,Central District,Robert & Congress,State - Trunk Highway,Yes,Driver,,,,Male,St. Paul,55119,,,,"{'latitude': '44.93232659', 'longitude': '-93.08062444'}",1,7,5,11,Male,St. Paul,55107,Yes,Suspected Serious Injury,Yes,4,No,30,"Driver was NB on Robert near Congress.  11 y/o was crossing the street near crosswalk.  Several vehicles stop, but driver didn't notice right away.  Driver then slammed on brakes and swerved, but was unable to avoid collision with pedestrian.  Driver cited.",41,
162,Pedesrian,Yes,2017-11-17T19:10:00.000,17-268057,Western District,Dale St N & University Ave W,County - State Aid Highway,No,None,,,,Unknown,Unknown,Unknown,,,,"{'latitude': '44.95581725', 'longitude': '-93.12633131'}",1,10,7,56,Female,St. Paul,55101,Yes,Possible Injury,Yes,6,Yes,30,Pedestrian was walking NB across Dale Street on the West side of University on a green light with the walk signal. Unknown suspect vehicle was turning WB on University from NB Dale street and struck pedestrian with the front left quarter panel of the vehicle knocking her to the ground. Vehicle fled scene.  Pedestrian had no visible injuries at this time. She was transported by police to the hospital for precaution. Unknown suspect information at this time.,,
163,Pedestrian,Yes,2018-08-04T11:26:00.000,18-174360,Eastern District,7 St E & Arcade St,County - State Aid Highway,No,None,,,,Male,St. Paul,55106,,,,"{'latitude': '44.96201718', 'longitude': '-93.06598543'}",1,15,2,43,Male,St. Paul,55101,Yes,Suspected Minor Injury,Yes,4,Yes,30,"Driver SB Arcade, making right on red.  Ped crossing in marked x-walk.  Driver did not see the ped.",63,
164,Bike,No,2016-07-20T23:09:00.000,16-145169,Eastern District,Maryland Ave E & Clarence St,County - State Aid Highway,No,None,Male,St. Paul,55106,Unknown,Unknown,Unknown,No,None,No,"{'latitude': '44.977542', 'longitude': '-93.04313'}",1,14,1,,,,,,,,4,Yes,30,,,25
165,Bike,No,2017-05-02T09:25:00.000,17-096575,Western District,Raymond Ave & Energy Park Drive,County - State Aid Highway,No,None,Female,Unknown,Unknown,Male,Unknown,Unknown,No,None,No,"{'latitude': '44.97423', 'longitude': '-93.194569'}",1,1,4,,,,,,,,3,Yes,30,"No Report.  Notes from Officer E-Mail:
The biker was slightly clipped by the vehicle and fell down. They spoke briefly and the biker told the driver she was fine and that he could leave. Driver was gone on our arrival.",,
166,Bike,Yes,2018-04-23T18:46:00.000,18-083286,Central District,Galtier St & Thomas Ave,City,No,None,Male,St. Paul,55103,Unknown,Unknown,Unknown,Yes,Suspected Minor Injury,No,"{'latitude': '44.95946336', 'longitude': '-93.1106395'}",1,10,7,,,,,,,,2,No,30,"Biker was WB Thomas.  Drive was EB, making left to NB Galtier and failed to yield, striking the bike.  Driver fled scene.",,20
167,Pedestrian,Yes,2016-11-16T15:32:00.000,16-236001,Western District,1300 University Ave W,Private Parking Lot,No,None,,,,Male,St. Paul,55104,,,,"{'latitude': '44.953311', 'longitude': '-93.155535'}",1,17,7,46,Male,St. Paul,55104,Yes,Possible Injury,Yes,Private,No,10,Driver backing out of a parking spot in the Target lot bumped into a pedestrian,69,
168,Bike,No,2016-05-02T19:56:00.000,16-084647,Western District,Snelling Ave N & University Ave W,State - Trunk Highway,No,None,Male,Spring Lake Park,55432,Female,St. Paul,55105,Yes,Suspected Minor Injury,No,"{'latitude': '44.955599', 'longitude': '-93.166911'}",1,17,7,,,,,,,,,,,,47,63
169,Bike,Yes,2018-01-17T15:33:00.000,18-011271,Eastern District,6 St E & Wall St,Municiapl State Aid,Yes,Driver,Male,"Houlton, WI",54082,Male,Forest Lake,55025,Yes,Suspected Minor Injury,Yes,"{'latitude': '44.95059528', 'longitude': '-93.08663378'}",1,12,5,,,,,,,,2,Yes,30,Biker was going SB on Wall.  Driver turn onto 6th Street in front of biker and struck the biker.  Driver cited for unsafe change of course.,63,16
170,Pedestrian,Yes,2018-05-04T12:10:00.000,18-092650,Central District,7 St W & St. Peter St,State - Trunk Highway,Yes,Driver,,,,Male,St. Paul,55107,,,,"{'latitude': '44.94767129', 'longitude': '-93.09830117'}",1,12,5,56,Male,St. Paul,55104,Yes,Suspected Minor Injury,Yes,5,Yes,30,Driver was WB on 7th at St. Peter with green light.  Pedestrian crossing 7th st against red light.  Driver struck pedestrian.  Driver did not have a driver's license and was cited.,72,
171,Pedestrian,Yes,2016-09-28T14:11:00.000,16-198359,Eastern District,McKnight Rd N & Old Hudson,County - State Aid Highway,No,None,,,,Female,Maplewood,55119,,,,"{'latitude': '44.95073406', 'longitude': '-93.00524918'}",1,16,2,88,Male,St. Paul,55119,Yes,Suspected Minor Injury,No,5,Yes,30,,74,
172,Pedestrian,Yes,2016-11-30T21:00:00.000,16-052501,Transit,University Ave W & Pascal St N,County - State Aid Highway,No,None,,,,Male,St. Paul,55116,,,,"{'latitude': '44.95551997', 'longitude': '-93.16110335'}",1,17,7,6,Male,St. Paul,55104,Yes,Suspected Minor Injury,Yes,4,No,30,"Vehicle was EB University E of Pascal, lost control of vehicle and struck bus shelter and pedestrian who was inside.  Vehicle fled the scene.",18,
173,Pedestrian,Yes,2017-06-22T21:36:00.000,17-142778,Western District,Dale St N & St Anthony Ave,County - State Aid,No,None,,,,Female,St. Paul,55104,,,,"{'latitude': '44.95227766', 'longitude': '-93.12633553'}",1,9,7,46,Male,St. Paul,55103,Yes,Suspected Minor Injury,Yes,4,No,30,The Witness advised that The Pedestrian darted out west bound into traffic in front of Unit 2 without looking and was struck by Unit 2. The Witness advised that The Pedestrian was struck on his right side and that contact was made with the front of Unit 2.,46,
174,Bike,No,2016-07-12T10:16:00.000,16-139898,Western District,Hamline Ave N & Marshall Ave,City Street,No,None,Female,St. Paul,55105,Unknown,Unknown,Unknown,Yes,Suspected Minor Injury,Yes,"{'latitude': '44.94852', 'longitude': '-93.156801'}",1,17,7,,,,,,,,4,No,30,,,37
175,Bike,Yes,2018-08-12T21:38:00.000,18-182102,Central District,Maryland Ave & L'Orient,County - State Aid Highway,No,None,Male,St. Paul,55102,Male,St. Paul,55106,No,None,No,"{'latitude': '44.97701561', 'longitude': '-93.09067352'}",1,3,3,,,,,,,,6,Yes,30,"On 08/12/2018 at about 2140 hours, Officers were sent to Maryland and L'Orient on a roll over crash. Three people were transported to Hospital. a bicyclist and another vehicle were also struck, but no others were transported to Hospital.",49,47
176,Pedestrian,Yes,2017-05-01T15:09:00.000,17-096184,Western District,Randolph Ave & Albert St S,County - State Aid Highway,No,None,,,,Unknown,Unknown,Unknown,,,,"{'latitude': '44.92692839', 'longitude': '-93.15943406'}",1,6,6,34,Male,St. Paul,55105,No,None,No,2,Yes,30,"Pedestrian was crossing WB in the north crosswalk.  Vehicle was WB Randolph and made a right turn to NB Albert, striking pedestrian and knocking cane to ground.  Driver did not stop and there is not much of a suspect description.  No injury to pedestrian.",,
177,Bike,Yes,2016-05-24T11:37:00.000,16-101415,Central District,Smith Ave N & Kellogg Blvd,City Street,No,None,Male,North St. Paul,55109,Unknown,Unknown,Unknown,Yes,Suspected Minor Injury,Yes,"{'latitude': '44.945339', 'longitude': '-93.103917'}",1,12,5,,,,,,,,,,,,,33
178,Bike,No,2016-07-12T12:21:00.000,16-140030,Central District,429 Bay Street,City Street,No,None,Female,Unknown,Unknown,Unknown,Unknown,Unknown,No,None,No,"{'latitude': '44.928379', 'longitude': '-93.130843'}",1,11,5,,,,,,,,2,No,30,,,
179,Pedestrian,Yes,2018-02-14T14:13:00.000,18-032050,Western District,Hamline Ave N & St. Anthony Ave,Municiapl State Aid,Yes,Driver,,,,Unknown,Unknown,Unknown,,,,"{'latitude': '44.95216863', 'longitude': '-93.15684673'}",1,17,7,58,Male,St. Paul,55101,No,None,No,3,Yes,30,Driver of a stolen car was fleeing from police and struck another car and a pedestrian at this location.,,
180,Bike,Yes,2017-05-14T15:00:00.000,17-107971,Central District,Maryland Ave E & I35E,County - State Aid Highway,Yes,Driver,Male,St. Paul,55106,Female,St. Paul,55106,No,None,No,"{'latitude': '44.977046', 'longitude': '-93.088764'}",1,3,3,,,,,,,,7,Traffic Signal,30,"Bike was EB Maryland crossing on ramp for SB 35E in crosswalk.  Driver was WB Maryland making a left turn onto SB I35E, striking pedestrian.  Witnessed by SPPD Reserve Officer.  No Injuries to biker.  Driver cited for failure to yield right of way and driving on a revoked license.",44,31
181,Bike,Yes,2016-06-27T09:35:00.000,16-128398,Central District,Robert St N & Kellogg Blvd E,City Street,No,None,Male,St. Paul,55101,Unknown,Unknown,Unknown,Yes,Possible Injury,No,"{'latitude': '44.945665', 'longitude': '-93.089159'}",1,12,5,,,,,,,,,,,,,42
182,Pedestrian,Yes,2016-10-16T02:25:00.000,16-212712,Central District,1638 Rice Street,Private Parking Lot,No,None,,,,Female,Unknown,Unknown,,,,"{'latitude': '44.990577', 'longitude': '-93.105652'}",1,3,3,22,Male,West St. Paul,55118,Yes,Suspected Minor Injury,Yes,Private,No,10,Vehicle intentionally ran over the pedestrian in a private parking lot. Case is classified as an aggravated assault.,24,
183,Pedestrian,Yes,2017-06-02T02:51:00.000,17-124959,Western District,Hamline Ave N & University Ave W,Citty,No,None,,,,Male,St. Paul,55104,,,,"{'latitude': '44.95554113', 'longitude': '-93.156923'}",1,17,7,80,Male,St. Paul,55103,Yes,Suspected Serious Injury,Yes,4,Yes,30,"Driver was EB University with green light.  Pedestrian crossed NB Hamline in E crosswalk, against ped signal and red light.  Driver unable to avoid collision.  Pedestrian transported to hospital.",33,
184,Pedestrian,Yes,2016-01-02T18:04:00.000,16-001093,Eastern District,Arcade Street & Minnehaha,State - Trunk Highway,Yes,Driver,,,,Male,St. Paul,55106,,,,"{'latitude': '44.96305024', 'longitude': '-93.06600831'}",1,15,2,48,Female,St. Paul,55106,No,None,No,,,,,48,
185,Bike,Yes,2016-11-01T19:46:00.000,16-225437,Western District,Snelling & Sherburne,State - Trunk Highway,No,None,Male,St. Paul,55104,Unknown,Unknown,Unknown,Yes,Possible Injury,Yes,"{'latitude': '44.956561', 'longitude': '-93.167073'}",1,4,4,,,,,,,,4,No,30,"Bike was NB Snelling in crosswalk at Sherburne.  Vehicle WB Sherburne to NB Snelling, struck biker and fled scene.",,63
186,Pedestrian,Yes,2017-08-10T09:17:00.000,17-187031,Western District,Prior Ave N & University Ave W,County - State Aid Highway,Yes,Driver,,,,Male,St. Paul,55106,,,,"{'latitude': '44.95753295', 'longitude': '-93.18215453'}",1,17,4,61,Male,St. Paul,55104,No,None,No,5,Yes,30,"Driver was NB Prior, making right turn onto EB University, looking left for traffic, on green light.  Pedestrian was crossing in crosswalk with walk light and right of way.  Driver admitted not looking for pedestrians while turning.",52,
187,Pedestrian,Yes,2017-09-01T17:04:00.000,17-206805,Western District,University Ave W & Wheeler St,County - State Aid Highway,Yes,Driver,,,,Male,Golden Valley,55416,,,,"{'latitude': '44.95580055', 'longitude': '-93.17470891'}",1,4,4,43,Female,Columbia Heights,55421,Yes,Possible Injury,Yes,4,No,30,"Driver was WB University, high rate of speed in left lane to pass slower traffic in right lane.  Made a right turn to NB Wheeler, too fast and lost control, ended up on sidewalk and struck a pedestrian.  Driver cited.",24,
188,Pedestrian,Yes,2016-12-22T10:45:00.000,16-261096,Eastern District,7th St E & Arcade St,State - Trunk Highway,Yes,Driver,,,,Female,St. Paul,55106,,,,"{'latitude': '44.96193523', 'longitude': '-93.06596185'}",1,15,2,43,Female,St. Paul,55106,Yes,Suspected Minor Injury,Yes,4,Yes,30,Vehicle was SB on Arcade making right turn to EB 7th Street.  Pedestrian was just east of crosswalk crossing 7th Street and was struck.  Driver was cited for driving without a license and failure to drive with due care.,31,
189,Bike,Yes,2016-05-13T13:30:00.000,16-093167,Central District,Wabasha St S & Fillmore St,City Street,No,None,Male,St. Paul,55102,Female,Mounds View,55112,No,None,No,"{'latitude': '44.93941249', 'longitude': '-93.089484'}",1,7,5,,,,,,,,,,,,30,52
190,Bike,Yes,2016-09-14T08:02:00.000,16-187232,Western District,University Ave W & Grotto St N,City Street,Yes,Driver,Female,St. Paul,55104,Female,"Lakewood, CO",80228,Yes,Suspected Minor Injury,Yes,"{'latitude': '44.955652', 'longitude': '-93.131416'}",1,9,7,,,,,,,,2,Yes,30,,22,19
191,Pedestrian,Yes,2016-12-12T16:46:00.000,16-254410,Western District,University Ave W & Lexington Pkwy,County - State Aid Highway,No,None,,,,Female,St. Paul,55116,,,,"{'latitude': '44.955656', 'longitude': '-93.14655'}",1,9,7,16,Female,St. Paul,55104,Yes,Possible Injury,No,5,Yes,30,"Vehicle was EB University in the right lane, with a green light as it passed Lexington.  2 Pedestrians darted out into traffic against the signal, 1 was struck by vehicle.  Medics evaluated pedestrian on scene, no transport, minor injury.  No citations issued.",50,
192,Bike,Yes,2016-11-30T18:25:00.000,16-245833,Western District,1247 St. Anthony Ave,Private Parking Lot,No,None,Male,Sandstone,55072,Male,St. Paul,55104,Yes,Suspected Minor Injury,No,"{'latitude': '44.952577', 'longitude': '-93.152618'}",1,17,7,,,,,,,,Private,No,10,"Bike was riding through parking lot, cutting between cars into a through lane when struck by a slow moving car.",20,56
193,Pedestrian,Yes,2016-10-05T18:40:00.000,16-204409,Western District,Dale St N & Thomas Ave,Alley,No,None,,,,Female,St. Paul,55104,,,,"{'latitude': '44.95909133', 'longitude': '-93.12651294'}",1,10,7,31,Female,Brooklyn Park,55443,Yes,Suspected Minor Injury,No,2,No,10,,85,
194,Bike,Yes,2017-06-22T20:05:00.000,17-142712,Western District,University Ave W & Dale St N,County - State Aid,No,None,Male,St. Paul,55103,Male,St. Paul,55104,Yes,Possible Injury,No,"{'latitude': '44.95570298', 'longitude': '-93.12627739'}",1,9,7,,,,,,,,2,No,30,Driver was NB on Dale at University with green light.  Biker was EB University and went through on red light. Driver struck bike.,51,11
195,Pedestrian,Yes,2016-01-19T09:25:44.000,16-011810,Western District,Ford Pkwy & Finn St,,No,,,,,Female,South St. Paul,55075,,,,"{'latitude': '44.91796357', 'longitude': '-93.18988531'}",1,6,6,39,Male,Minneapolis,55407,No,None,No,,,,,42,
196,Bike,No,2016-10-19T08:30:00.000,16-216359,Central District,Snelling Ave S & Ford Pkwy,State - Trunk Highway,No,None,Male,St. Paul,55116,Male,Unknown,Unknown,No,None,No,"{'latitude': '44.917929', 'longitude': '-93.16703'}",1,6,6,,,,,,,,4,Yes,30,"No report: Bike riding SB Snelling, vehicle NB made left and struck bike at Ford Pkwy.  No injuries, bike totaled.",65,14
197,Pedestrian,Yes,2016-05-02T17:25:00.000,16-084521,Western District,Thomas Ave W & Dale Street,City Street,No,None,,,,Female,St. Paul,55104,,,,"{'latitude': '44.959456', 'longitude': '-93.128216'}",1,10,7,13,Male,St. Paul,55104,Yes,Suspected Minor Injury,No,,,,,23,
198,Pedestrian,Yes,2016-06-27T13:56:00.000,16-128578,Eastern District,White Bear Ave N & Minnehaha Ave E,County - State Aid Highway,No,None,,,,Unknown,Unknown,Unknown,,,,"{'latitude': '44.963083', 'longitude': '-93.025319'}",1,14,2,15,Female,St. Paul,55106,Yes,Suspected Minor Injury,Yes,,,,,,
199,Pedestrian,Yes,2017-08-13T10:57:00.000,17-189770,Eastern District,Burr St & York Ave E,City,No,None,,,,Female,St. Paul,55106,,,,"{'latitude': '44.96845401', 'longitude': '-93.07992348'}",1,13,3,4,Male,St. Paul,55116,Yes,Suspected Minor Injury,Yes,2,Stop Sign,30,"Driver SB Burr, making left to EB York.  Pedestrian SB on E side of Burr, on sidewalk, then crosswalk.  Pedestrian was running and darted into traffic.  No citations.",37,
200,Bike,Yes,2017-06-11T03:00:00.000,17-133536,Central District,4th & Sibley,Municipal State Aid,No,Driver,Male,Minneapolis,55406,Male,St. Paul,55118,Yes,Suspected Minor Injury,Yes,"{'latitude': '44.94766218', 'longitude': '-93.08723309'}",1,12,5,,,,,,,,3,No,30,Biker was illegally riding SB on Sibley and struck vehicle who was trying to legally park.,60,32
201,Pedestrian,Yes,2018-04-09T08:45:00.000,18-071925,Eastern District,Arcade St & Case Ave,County - State Aid Highway,No,None,,,,Unknown,Unknown,Unknown,,,,"{'latitude': '44.97036126', 'longitude': '-93.0658675'}",1,13,1,14,Female,St. Paul,55106,Yes,Suspected Minor Injury,Yes,3,Yes,30,"SRTS.
Pedestrain was crossing Arcade with a walk signal.  Vehicle failed to stop for red light and struck pedestrian.  Vehicle fled scene.  Pedestrian was walking to school.",,
202,Pedestrian,No,2016-11-08T17:20:00.000,16-230251,Eastern District,Arcade Street & Maryland Ave,County - State Aid Highway,No,None,,,,Male,Unknown,Unknown,,,,"{'latitude': '44.977522', 'longitude': '-93.065967'}",1,13,1,14,Female,St. Paul,55106,No,None,No,5,Yes,30,Unknown - no report,31,
203,Pedestrian,No,2017-09-06T16:54:00.000,17-211026,Central District,6th St & Robert,State - Trunk Highway,No,None,,,,Unknown,Unknown,Unknown,,,,"{'latitude': '44.948224', 'longitude': '-93.09162'}",1,12,5,,Unknown,Unknown,Unknown,Unknown,Unknown,Unknown,4,Yes,30,"No Report, pedestrian struck, no more details",,
204,Bike,Yes,2018-02-15T16:52:00.000,18-033040,Western District,Prior Av N & St. Anthony Ave,Municiapl State Aid,No,None,Male,St. Paul,55103,Male,St. Paul,55104,Yes,Suspected Serious Injury,Yes,"{'latitude': '44.9540077', 'longitude': '-93.18229097'}",1,17,4,,,,,,,,2,Stop Sign,30,Unit one traveling westbound on St. Anthony Avenue on a bicycle. Unit two traveling northbound on Prior Avenue. Unit one collided with unit two. Unit one transported to Regions Hospital for treatment. No independent witnesses to the crash. No citations issued to the driver of unit two at this time,25,49
205,Bike,Yes,2017-09-21T16:15:00.000,17-223746,Western District,University Ave W & Albert Street,County - State Aid Highway,No,None,Male,St. Paul,55104,Unknown,Unknown,Unknown,No,None,No,"{'latitude': '44.9555186', 'longitude': '-93.15943204'}",1,17,7,,,,,,,,4,Stop Sign,30,Biker NB Albert making right to EB University.  Biker WB on s sidewalk/x-walk and was struck by vehicle.  Vehicle fled scene.,,50
206,Bike,Yes,2016-05-22T17:26:00.000,16-100189,Eastern District,1277 Ross Ave E (street in front),City Street,Yes,Driver,Male,St. Paul,55106,Male,St. Paul,55106,Yes,Suspected Serious Injury,Yes,"{'latitude': '44.96564021', 'longitude': '-93.04669158'}",1,15,1,,,,,,,,,,,,19,11
207,Bike,Yes,2016-09-04T16:00:00.000,16-179810,Western District,Ashland Ave & Fairview,Municipal Aid Street,Yes,Driver,Male,St. Paul,55114,Male,St. Paul,55104,Yes,Possible Injury,No,"{'latitude': '44.943973', 'longitude': '-93.177181'}",1,17,4,,,,,,,,2,No,30,,62,14
208,Bike,Yes,2018-08-01T16:02:00.000,18-171919,Eastern District,Arcade St & Margaret St,State - Trunk Highway,No,None,Male,Minneapolis,55404,Unknown,Unknown,Unknown,Yes,Suspected Minor Injury,No,"{'latitude': '44.96125091', 'longitude': '-93.06593423'}",1,15,2,,,,,,,,4,No,30,"On 08/01/2018 at 1602 hours, Unit#2 was riding his bicycle Northbound on Arcade St towards Margaret St. Unit#1 was driving westbound to make a right turn North on Arcade St. Unit#1 did not stop at the stop sign on the intersection. Unit #2 hit the rear driver's side of Unit#1. Unit #1 did not stop and continued northbound on Arcade and then westbound on East 7th St. The driver of Unit#2 received minor scratch marks on his arm and chin. No arrest were made. License plate to Unit #1 is Unknown.",,22
209,Ped2,,2017-04-17T16:00:02.000,17-084045,,,,,,,,,,,,,,,,1,,,8,Male,Oakdale,55128,Yes,Possible Injury,No,,,,ped 3 of 4,,
210,Pedestrian,No,2016-09-27T08:30:00.000,NO CN,Central District,7th St W & Albion Ave,State - Trunk Highway,No,None,,,,Unknown,Unknown,Unknown,,,,"{'latitude': '44.915033', 'longitude': '-93.14745'}",1,6,6,,Female,St. Paul,Unknown,No,None,No,5,Yes,30,,,