,crash_type,report_made,date_time,case_number,district,location,road_type,ticket_arrest,citation_to,biker_gender,biker_city_of_residence,biker_zip_code,driver_gender,driver_city_res,driver_zip_code,injury_to_biker,level_of_injury_to_biker,biker_to_hospital,location_1,count,:@computed_region_jitf_9zyt,:@computed_region_dysk_fpxp,ped_age,ped_gender,ped_city_res,ped_zip_code,injury_to_pedestrian,level_of_injury_to_ped,pedestrian_to_hospital,lanes_of_traffic,signal_present,speed_limit,synopsis,driver_age,biker_age
211,Pedestrian,Yes,2017-03-27T14:49:00.000,17-065939,Western District,Hamline Ave N & Marshall,Municipal State Aid,No,None,,,,Female,St. Paul,55116,,,,"{'latitude': '44.94847918', 'longitude': '-93.15695893'}",1,17,7,21,Female,Eden Prairie,55347,Yes,Suspected Minor Injury,No,4,Yes,30,"Vehicle was EB Marshall, made left turn onto NB Hamline.  Pedestrian was EB in N crosswalk.  Witnesses state that driver was at fault, but also that pedestrian was distracted by cell phone.  Driver continued to drive after striking pedestrian, going up onto sidewalk, over curb/burm and into bushes.  No citation issued at scene, waiting for investigator follow-up",28,
212,Pedestrian,Yes,2017-09-12T20:57:00.000,17-216318,Western District,Grand Ave & Lexington Pkwy,County - State Aid Highway,No,None,,,,Unknown,Unknown,Unknown,,,,"{'latitude': '44.93987326', 'longitude': '-93.14662194'}",1,8,5,91,Male,North Oaks,55127,Yes,Suspected Minor Injury,Yes,4,Yes,30,Pedestrian was crossing Lexington south of grand and was struck by vehicle that failed to stop.,,
213,Bike,Yes,2016-06-11T20:30:00.000,16-116405,Western District,Dale St N & University Ave W,County - State Aid Highway,No,None,Male,St. Paul,55130,Female,St. Paul,55117,Yes,Suspected Minor Injury,No,"{'latitude': '44.955649', 'longitude': '-93.126216'}",1,9,7,,,,,,,,,,,,42,10
214,Pedestrian,Yes,2018-05-30T16:45:00.000,18-115718,Central District,6th St E & Minnesota St,Municiapl State Aid,Yes,Driver,,,,Female,Blaine,55449,,,,"{'latitude': '44.94767734', 'longitude': '-93.09282878'}",1,12,5,52,Female,Woodbury,55129,Yes,Possible Injury,No,3,Yes,30,Driver was NB Minnesota to WB 6th and struck pedestrian who was crossign in the crosswalk.  Driver cited for failure to yield to pedestrian.,65,
215,Pedestrian,Yes,2017-01-24T16:44:00.000,17-017115,Central District,Rice St & Arlington Ave W,County - State Aid Highway,Yes,Driver,,,,Female,Woodbury,55129,,,,"{'latitude': '44.984586', 'longitude': '-93.105864'}",1,3,3,37,Female,St. Paul,55117,Yes,Suspected Minor Injury,Yes,4,Yes,30,"Pedestrian was crossing EB Arlington across Rice Street in S crosswalk, with walk signal and green light.  School bus was WB Arlington making g a left turn to SB Rice Street and struck pedestrian.  Driver state she did not see the pedestrian.  Driver was cited for failure to yield to pedestrian.  Several students were on the bus as the time of the crash.",51,
216,Pedestrian,Yes,2018-07-05T19:22:00.000,18-148531,Central District,Cook Ave W & Matilda,City,No,None,,,,Male,St. Paul,55104,,,,"{'latitude': '44.9732664', 'longitude': '-93.11243778'}",1,3,3,4,Male,St. Paul,55106,Yes,Suspected Serious Injury,Yes,2,No,30,"Driver was EB on Cook.  Ped was on a scooter, riding in street. Driver struck the pedestrian in the intersection, dragging the pedestrian.",33,
217,Bike,Yes,2018-08-15T05:46:00.000,18-184237,Eastern District,Arcade St & Neid St,Municiapl State Aid,No,None,Male,St. Paul,55119,Female,Unknown,Unknown,Yes,Suspected Minor Injury,Yes,"{'latitude': '44.96716243', 'longitude': '-93.06603159'}",1,13,1,,,,,,,,2,Stop Sign,30,Driver EB Neid to SB Arcade struck biker.  Driver fled.,,74
218,Pedestrian,Yes,2016-12-07T21:28:00.000,16-251249,Central District,Aurora Ave & Western Ave,City Street,No,None,,,,Female,St. Paul,55103,,,,"{'latitude': '44.954886', 'longitude': '-93.116117'}",1,9,7,20,Male,St. Paul,55104,Yes,Suspected Minor Injury,No,2,No,30,"Vehicle was SB on Western near Aurora.  Pedestrian ran across road (illegally) and was struck by vehicle.  Pedestrian told driver that he was fine and ran away without giving any info.  Info report made by officers.  ** note: 16-257841, officers called on 12/17 by pedestrian and wrote report under this cn.",62,
219,Pedestrian,Yes,2016-10-28T23:31:00.000,16-222662,Central District,I35E Fwy & Randolph,County - State Aid Highway,No,None,,,,Male,St. Paul,55107,,,,"{'latitude': '44.92679', 'longitude': '-93.142018'}",1,11,5,38,Male,St. Paul,55102,Yes,Suspected Minor Injury,Yes,4,Yes,30,"Vehicle WB Randolph, making left to SB 35E.  Ped WB Randolph on S sidewalk/x-walk.",26,
220,Pedestrian,Yes,2017-02-22T16:39:00.000,17-039156,Western District,Mississippi River Blvd & Dayton,Munincipal State Aid,Yes,Driver,,,,Male,St. Paul,55105,,,,"{'latitude': '44.94622275', 'longitude': '-93.19899313'}",1,17,4,35,Male,Woodbury,55125,Yes,FATAL,Yes,2,No,25,Vehicle was SB Mississippi River Blvd.  Pedestrian was crossing in a marked crosswalk near Dayton St.  Vehicle failed to yield for pedestrian and struck the pedestrian.   Officers believed the driver was impaired and obtained search warrant for blood.  Driver arrested for CVO.  Pedestrian did not survive.,60,
221,Pedestrian,No,2016-02-26T15:37:00.000,16-037290,Western District,Snelling Ave N & Shields,,No,None,,,,Female,Cottage Grove,55016,,,,"{'latitude': '44.95394', 'longitude': '-93.1671002'}",1,17,4,45,Male,Unknown,Unknown,No,None,No,,,,,49,
222,Pedestrian,Yes,2016-03-15T21:28:00.000,16-050358,Eastern District,Clarence St & Maryland Ave E,,No,None,,,,Male,St. Paul,55101,,,,"{'latitude': '44.977542', 'longitude': '-93.04313'}",1,14,1,64,Male,St. Paul,55119,Yes,Suspected Minor Injury,No,,,,,46,
223,Pedestrian,Yes,2017-11-12T14:13:00.000,17-264157,Eastern District,White Bear Ave N & Old Hudson Rd,County - State Aid Highway,Yes,Driver,,,,Male,St. Paul,55105,,,,"{'latitude': '44.95261175', 'longitude': '-93.02528763'}",1,16,2,59,Male,South St. Paul,55075,Yes,Possible Injury,Yes,4,Yes,30,"Unit 1 was W/B on Old Hudson, turning left onto S/B White Bear Ave. Unit 2 was walking E/B on Old Hudson and was struck by Unit 1 while in the cross walk. Unit 1 was cited for Fail to Yield to Right of Way of a Pedestrian in a Crosswalk (620905312081) and released at the scene.",29,
224,Bike,Yes,2016-08-03T16:32:00.000,16-154935,Western District,Marshall Ave & Finn St N,County - State Aid Highway,Yes,Driver,Male,Minneapolis,55401,Male,Minneapolis,55407,Yes,Possible Injury,No,"{'latitude': '44.948374', 'longitude': '-93.189895'}",1,17,4,,,,,,,,3,No,30,,63,31
225,Pedestrian,Yes,2017-10-02T14:13:00.000,17-233108,Western District,Grand Ave & St. Albans,Municipal State Aid,Yes,Driver,,,,Female,St. Paul,55105,,,,"{'latitude': '44.93993757', 'longitude': '-93.12874119'}",1,8,5,64,Female,Excelsior,55331,Yes,Suspected Minor Injury,Yes,3,No,30,"Driver SB St. Albans, struck pedestrian who was crossing in N x-walk.  Driver said they did not see pedestrian.  Driver cited for FTY Pedestrian.",65,
226,Bike,Yes,2017-04-29T14:53:00.000,17-094495,Eastern District,Ruth St & Suburban,Municipal State Aid,No,None,Male,St. Paul,55119,Female,St. Paul,55119,No,None,No,"{'latitude': '44.94945532', 'longitude': '-93.01500268'}",1,16,2,,,,,,,,3,Stop Sign,30,"Driver was SB Ruth, making left turn onto EB Suburban.  Bike was SB Ruth on E sidewalk and crossed Suburban using crosswalk.  Driver said another vehicle waved her to make the turn and she struck the bike while making the turn.",39,28
227,Pedestrian,Yes,2016-12-05T16:23:00.000,16-249502,Western District,Pascal St N & Roblyn,Municipal Aid Street,Yes,Driver,,,,Female,Minneapolis,55417,,,,"{'latitude': '44.950891', 'longitude': '-93.161899'}",1,17,7,58,Male,St. Paul,55108,Yes,Suspected Minor Injury,Yes,2,No,30,Vehicle backed out of alley and into pedestrian who was on Pascal getting into a vehicle.  The driver was cited for failure to drive with due care.,26,
228,Pedestrian,Yes,2016-05-09T15:48:00.000,16-090083,Central District,Wabasha St N & 5th Street,City Street,No,None,,,,Female,St. Paul,55101,,,,"{'latitude': '44.945691', 'longitude': '-93.094454'}",1,12,5,18,Female,St. Paul,55105,No,None,No,,,,,24,
229,Bike,Yes,2017-05-26T09:34:00.000,17-118017,Western District,Concordia Ave & Griggs,Municipal State Aid,Yes,Biker,Male,St. Paul,55107,Male,St. Paul,55103,Yes,Suspected Serious Injury,Yes,"{'latitude': '44.951148', 'longitude': '-93.151724'}",1,17,7,,,,,,,,2,No,30,Biker crossed Concordia without yielding to vehicle.  Biker cited for FTY to vehicle.,36,18
230,Pedestrian,Yes,2016-08-25T09:58:00.000,16-171158,Western District,360 Sherman St,Private Parking Lot,No,None,,,,Female,St. Paul,55106,,,,"{'latitude': '44.9424422', 'longitude': '-93.10741419'}",1,11,5,56,Male,White Bear Lake,55106,Yes,Suspected Minor Injury,Yes,Private,No,10,,37,
231,Bike,Yes,2018-05-04T16:10:00.000,18-092867,Western District,Cleveland Ave N & Marshall Ave,County - State Aid Highway,No,None,Male,St. Paul,55108,Female,St. Paul,55104,Yes,Suspected Minor Injury,Yes,"{'latitude': '44.94864516', 'longitude': '-93.18741235'}",1,17,4,,,,,,,,2,No,30,Driver was traveling northbound on Cleveland Ave and was turning left into the alley between Marshall Ave and Iglehart Ave.  When driver made the left turn it struck the biker who was traveling southbound in the bike lane. Biker was transported to the hospital with non-life threatening injuries. No citations issued.,69,56
232,Bike,Yes,2018-01-10T14:54:00.000,18-006536,Central District,Kellogg Bd E & Minnesota St,Municiapl State Aid,No,None,Male,St. Paul,55119,Male,Lake Elmo,55042,Yes,Suspected Minor Injury,Yes,"{'latitude': '44.94529525', 'longitude': '-93.09042234'}",1,12,5,,,,,,,,6,Yes,30,Biker crossed Kellogg against red light and was struck by vehicle.,49,18
233,Pedestrian,Yes,2017-06-03T06:20:00.000,17-126085,Eastern District,1482 Burns Ave,City,No,None,,,,Male,St. Paul,55119,,,,"{'latitude': '44.94867059', 'longitude': '-93.03764881'}",1,16,2,5,Male,St. Paul,55106,Yes,Possible Injury,No,2,No,30,5 y/o darted out from behind parked car and was struck by driver who was unable to stop. Minor injury to child.,23,
234,Pedestrian,Yes,2016-11-11T20:07:00.000,16-232570,Western District,Thomas Ave W & Dunlap St N,Municipal Aid Street,No,None,,,,Unknown,Unknown,Unknown,,,,"{'latitude': '44.95925569', 'longitude': '-93.1488233'}",1,4,4,30,Female,St. Paul,55104,Yes,Possible Injury,Yes,2,No,30,vehicle pulled out of a parking space and struck pedestrian who was illegally in roadway.,,
235,Pedestrian,Yes,2016-02-16T15:49:00.000,16-030290,Central District,6th St E & Jackson St,,No,,,,,Female,St. Paul,55105,,,,"{'latitude': '44.9488967', 'longitude': '-93.0901713'}",1,12,5,54,Male,Roseville,55113,Yes,Suspected Minor Injury,No,,,,,49,
236,Bike,No,2016-07-13T21:49:00.000,16-140829,Eastern District,Lawson Ave E & Edgerton St,County - State Aid Highway,No,None,Female,Unknown,Unknown,Unknown,Unknown,Unknown,No,None,No,"{'latitude': '44.972023', 'longitude': '-93.076081'}",1,13,1,,,,,,,,2,No,30,,,40
237,Bike,Yes,2016-08-07T20:18:00.000,16-157960,Central District,I35E Fwy & Maryland Ave,State - Trunk Highway,Yes,Driver,Male,St. Paul,55130,Male,St. Paul,55130,Yes,Suspected Minor Injury,Yes,"{'latitude': '44.977046', 'longitude': '-93.088764'}",1,3,3,,,,,,,,3,Yes,30,,23,26
238,Pedestrian,Yes,2018-06-14T20:05:00.000,18-129216,Western District,Selby Ave & Arundle,Municiapl State Aid,No,None,,,,Female,Minneapolis,55411,,,,"{'latitude': '44.9466158', 'longitude': '-93.12028082'}",1,9,7,26,Male,St. Paul,55103,Yes,Suspected Minor Injury,Yes,2,No,30,"Intoxicated male holding onto the side of a vehicle as it drove, fell off and was injured.",23,
239,Pedestrian,Yes,2016-03-14T05:56:00.000,16-049103,Central District,Atwater Street & Park Street,,No,None,,,,Male,Maplewood,55109,,,,"{'latitude': '44.96661205', 'longitude': '-93.10383246'}",1,3,7,67,Male,St. Paul,55117,Yes,Suspected Minor Injury,No,,,,,58,
240,Pedestrian,Yes,2016-06-03T15:30:00.000,16-109663,Central District,Cumberland & Larpenteur,City Street,No,None,,,,Female,St. Paul,55117,,,,"{'latitude': '44.99060068', 'longitude': '-93.1174258'}",1,3,3,9,Male,St. Paul,55117,Yes,Suspected Minor Injury,No,,,,,53,
241,Bike,Yes,2017-07-04T08:09:00.000,17-153156,Eastern District,Clarence St & Maryland Ave E,County - State Aid,No,None,Male,St. Paul,55106,Unknown,Unknown,Unknown,Yes,Suspected Minor Injury,No,"{'latitude': '44.97757202', 'longitude': '-93.04324657'}",1,14,1,,,,,,,,4,Yes,30,Biker was EB on N sidewalk crossing Clarence when he was struck by Vehicle that was SB on Clarence against red light.  Driver fled.,,21
242,Pedestrian,Yes,2016-10-03T14:25:00.000,16-202446,Central District,Jessamine Ave W & Park St,City Street,No,None,,,,Male,South St. Paul,55075,,,,"{'latitude': '44.9747271', 'longitude': '-93.10219329'}",1,3,3,18,Male,St. Paul,55104,Yes,None,No,2,No,30,,28,
243,Pedestrian,Yes,2017-10-06T16:55:00.000,17-236509,Western District,University Ave W & Galtier St,County - State Aid Highway,No,None,,,,Male,St. Paul,55104,,,,"{'latitude': '44.95556363', 'longitude': '-93.11112852'}",1,9,7,23,Male,St. Paul,55101,No,None,No,4,Stop Sign,30,Vehicle (School Bus) NB Galtier making right turn to EB University and struck pedestrian.  Driver denied crash.  No injury.,27,
244,Bike,Yes,2017-07-15T21:30:00.000,17-164572,Central District,Park St & Iowa,City,No,None,Female,St. Paul,55117,Unknown,Unknown,Unknown,Yes,Suspected Minor Injury,Yes,"{'latitude': '44.98909435', 'longitude': '-93.10365454'}",1,3,3,,,,,,,,2,No,30,Bike was SB Park near Iowa when struck by unknown vehicle that fled after crash.  No suspect information.,,14
245,Pedestrian,Yes,2016-08-29T15:47:00.000,16-174606,Eastern District,Maryland Ave E & Weide,City Street,Yes,Driver,,,,Male,St. Paul,55106,,,,"{'latitude': '44.977506', 'longitude': '-93.067599'}",1,13,1,40,Female,St. Paul,55106,Yes,Suspected Minor Injury,Yes,2,No,30,,36,
246,Pedestrian,No,2017-03-15T16:10:00.000,17-056265,Western District,University Ave W & Simpson Street,Private,No,None,,,,Female,Minnetonka,55305,,,,"{'latitude': '44.955354', 'longitude': '-93.165408'}",1,17,7,47,Male,St. Paul,55102,Yes,Suspected Minor Injury,No,0,No,10,Vehicle backed into a pedestrian who was walking through the parking lot.  No report was made.,51,
247,Bike,No,2016-05-04T06:24:00.000,16-085663,Central District,7th St W & Chestnut St,State - Trunk Highway,No,None,Male,St. Paul,Unknown,Unknown,Unknown,Unknown,Yes,Suspected Minor Injury,No,"{'latitude': '44.943409', 'longitude': '-93.104089'}",1,11,5,,,,,,,,,,,,,52
248,Pedestrian,Yes,2018-01-03T17:12:00.000,18-001675,Central District,Ramsey St & Sherman (325 Sherman),Private,No,None,,,,Male,Columbia Heights,55421,,,,"{'latitude': '44.94111067', 'longitude': '-93.10549681'}",1,11,5,24,Female,St. Paul,55102,Yes,Suspected Minor Injury,Yes,0,No,10,"Vehicle was backed into a parking spot in the parking lot of 325 Sherman Street. Pedestrian was walking toward Vehicle when Vehicle slowly started to drive forward out of the parking spot. Vehicle started to turn left out of the parking lot when it accelerated quickly causing the rear of the vehicle to slip on the snow covered parking lot. Vehicle's rear passenger side struck the pedestrian causing minor scrapes and bruises to the pedestrians left knee. This caused the pedestrian to fall and Vehicle ran over her left foot. Vehicle hit the brakes once and then sped off. Pedestrian was transported by medic #8 (run #417) to United Hospital.  This case was presented for domestic assault charges, which were declined. Investigation continues for possilbe other charges relating to driving conduct.",38,
249,Pedestrian,Yes,2017-06-08T11:00:00.000,17-130734,Eastern District,Payne Ave & Jenks,City,No,None,,,,Female,St. Paul,55106,,,,"{'latitude': '44.97107302', 'longitude': '-93.07352516'}",1,13,1,56,Female,St. Paul,55130,Yes,Suspected Serious Injury,Yes,2,No,30,"Vehicle #1 struck ped with the right front of the vehicle, knocking ped out of her wheelchair and more than 15 feet forward, coming to rest against vehicle #3, Driver #1 told officers that ped darted out into traffic and that she never had a chance to stop",21,
250,Bike,No,2016-06-08T14:10:00.000,16-113678,Western District,415 Pascal Street,City Street,No,None,Male,Minneapolis,55404,Unknown,Unknown,Unknown,Yes,Suspected Serious Injury,Yes,"{'latitude': '44.953748', 'longitude': '-93.162417'}",1,17,7,,,,,,,,,,,,,58
251,Pedestrian,Yes,2017-01-17T16:39:00.000,17-011680,Western District,University Ave W & Pascal St N,Private,No,None,,,,Male,St. Paul,55104,,,,"{'latitude': '44.95546582', 'longitude': '-93.16198804'}",1,17,7,53,Female,St. Paul,55117,Yes,None,No,Private,No,10,Driver struck pedestrian in the parking lot of Cub Foods (1440 W University).  No injuries.,80,
252,Pedestrian,Yes,2018-03-03T14:34:00.000,18-044549,Western District,Dale St N & University Ave W,County - State Aid Highway,No,None,,,,Male,St. Paul,55119,,,,"{'latitude': '44.95559333', 'longitude': '-93.12635765'}",1,9,7,13,Male,St. Paul,55104,Yes,Possible Injury,No,4,Yes,30,Witnesses and driver stated 13 y/o ran into street and was struck by vehicle,56,
253,Pedestrian,Yes,2017-10-25T19:18:00.000,17-251324,Western District,Lexington Pkwy & Ashland,City,Yes,Driver,,,,Female,Brooklyn Park,55443,,,,"{'latitude': '44.94391044', 'longitude': '-93.1474891'}",1,17,7,37,Male,St. Paul,55106,Yes,Suspected Minor Injury,No,2,No,30,"On 10/25/17, at 1918 hours, squads were sent to Ashland Ave/Lexington Pkwy for a motor vehicle theft in progress.  Officers found a female took a vehicle without consent, and tried to drive away without the owner's consent, and dragged the owner as he hung onto the car.  Muna Abdulqadir, 24 y/o, female, was arrested for criminal vehicular operation.  She was booked at the LEC for that charge.",24,
254,Pedestrian,Yes,2017-08-28T11:16:00.000,17-202665,Eastern District,I35E & Maryland Ave E,County - State Aid Highway,Yes,Driver,,,,Male,St. Paul,55101,,,,"{'latitude': '44.97744407', 'longitude': '-93.08729836'}",1,13,3,54,Male,St. Paul,55101,Yes,Suspected Serious Injury,Yes,4,No,30,"Driver was WB Maryland approaching 35E in left lane.  Driver swerved to right lane to avoided collision with stopped traffic, then left roadway striking light pole and pedestrian.  Driver cited.",68,
255,Pedestrian,Yes,2017-07-01T14:23:00.000,17-150618,Central District,Virginia St & Sherburne,City,No,None,,,,Female,St. Paul,55117,,,,"{'latitude': '44.95716385', 'longitude': '-93.11492892'}",1,10,7,8,Male,St. Paul,55103,Yes,Possible Injury,Yes,2,No,30,"8 y/o playing in street, was struck by driver.",33,
256,Bike,Yes,2017-07-26T13:32:00.000,17-173624,Western District,Jefferson Ave & Mt Curve,City,Yes,Driver,Male,St. Paul,55105,Male,St. Paul,55117,Yes,Suspected Serious Injury,Yes,"{'latitude': '44.93067606', 'longitude': '-93.19364407'}",1,5,6,,,,,,,,2,Stop Sign,30,"Driver was SB Mt. Curve, failed to stop at stop sign.  Biker was EB Jefferson (no stop sign).  Driver had been going over 60 mph.  Driver booked for Criminal Vehicular Operation.",57,38
257,Bike,Yes,2018-07-26T15:46:00.000,18-166695,Eastern District,Arkwright & Arlington,City,No,None,Male,St. Paul,55106,Unknown,Unknown,Unknown,Yes,Suspected Minor Injury,No,"{'latitude': '44.98182735', 'longitude': '-93.08370072'}",1,13,3,,,,,,,,2,No,30,Bike was NB on Arkwright near Arlington when vehicel struck back tire and caused bike to fall.  Driver fled.,,11
258,Pedestrian,Yes,2018-04-16T10:50:00.000,18-077297,Central District,7 St E & Lafayette Rd,State - Trunk Highway,No,None,,,,Male,South St. Paul,55075,,,,"{'latitude': '44.95346765', 'longitude': '-93.08351525'}",1,15,5,21,Male,St. Paul,55104,Yes,Suspected Minor Injury,Yes,4,Yes,30,Driver of Semi making a right turn to NB Lafayette from WB 7th.  The pedestrian walked into the rear passenger side tires of the trailer.,29,
259,Pedestrian,Yes,2017-09-25T15:32:00.000,17-227229,Eastern District,3rd St E & Tell,Municipal State Aid,No,None,,,,Male,St. Paul,55106,,,,"{'latitude': '44.95673598', 'longitude': '-93.05520141'}",1,15,2,10,Male,St. Paul,55106,Yes,Suspected Serious Injury,Yes,2,No,30,The vehicle was traveling eastbound in traffic when a pedestrian ran into his car from the south. The pedestrian hit the front passenger fender and passenger side mirror.,62,
260,Bike,Yes,2018-05-29T06:53:00.000,18-114412,Western District,Dale St N & Maryland Ave W,County - State Aid Highway,No,None,Female,St. Paul,55117,Female,St. Paul,55117,Yes,Possible Injury,Yes,"{'latitude': '44.9774436', 'longitude': '-93.12651302'}",1,2,3,,,,,,,,4,Yes,30,"Bike was EB on Maryland.  Driver was EB Maryland, making a right to SB Dale as the light turned green.",38,37
261,Pedestrian,Yes,2017-06-25T20:11:00.000,17-145362,Western District,Kaufman Dr & Aida Pl,Parking Lot,No,None,,,,Male,Little Canada,55117,,,,"{'latitude': '44.97971221', 'longitude': '-93.15387123'}",1,2,4,4,Male,St. Paul,55103,Yes,Possible Injury,No,Private,No,10,Unit #2 was driving Southbound in the parking lot located at 1332 Kaufman Avenue when Unit #2 collided with the pedestrian (Unit #1) that ran across the street in the parking lot into traffic.,27,
262,Pedestrian,No,2017-01-11T14:43:00.000,17-007381,Western District,Griggs St N & University Ave W,County - State Aid Highway,No,None,,,,Unknown,Unknown,Unknown,,,,"{'latitude': '44.955649', 'longitude': '-93.151723'}",1,17,7,,Female,Unknown,Unknown,No,None,No,4,Yes,30,Pedestrian began crossing before having a walk signal.  Vehicle slid through yellow/red light and brushed the pedestrian who was 1/4 way across the street.  Pedestrian did not want police report.  No report was made.,,
263,Pedestrian,Yes,2016-11-22T17:26:00.000,16-240156,Central District,University Ave W & Rice Street,County - State Aid Highway,Yes,Driver,,,,Female,St. Paul,55130,,,,"{'latitude': '44.955854', 'longitude': '-93.105953'}",1,10,7,61,Male,St. Paul,55102,Yes,Suspected Serious Injury,Yes,5,Yes,30,Pedestrian crossing University in crosswalk with signal.  Vehicle was EB University and claimed to have green signal.  Driver said they saw the pedestrian but were unable to stop due to road conditions.  Driver cited for driving without a license.,20,
264,Bike,Yes,2016-09-29T20:59:00.000,16-199431,Central District,Annapolis St W & Ohio street,Municipal Aid Street,No,None,Male,West St. Paul,55118,Unknown,Unknown,Unknown,Yes,Suspected Minor Injury,Yes,"{'latitude': '44.91968322', 'longitude': '-93.09758799'}",1,,5,,,,,,,,2,No,30,,,38
265,Bike,Yes,2017-08-21T08:34:00.000,17-196327,Central District,7th St W & Chestnut St,State - Trunk Highway,Yes,Driver,Female,St. Paul,55102,Female,Richfield,55423,Yes,Possible Injury,Yes,"{'latitude': '44.94340424', 'longitude': '-93.10392812'}",1,11,5,,,,,,,,2,Yes,30,"Driver NB Chestnut, making right onto EB 7th Street.  Biker WB 7th in south x-walk.  Driver looking left and did not see biker.",34,24
266,Pedestrian,Yes,2018-06-27T17:54:00.000,18-141063,Eastern District,7th St E & Ocean St,Municiapl State Aid,No,None,,,,Male,St. Paul,55106,,,,"{'latitude': '44.96685689', 'longitude': '-93.04664057'}",1,15,1,4,Male,St. Paul,55106,Yes,Suspected Serious Injury,Yes,2,No,30,"Driver made a right turn into the driveway of a house.  There were children playing, driver tried to avoid them, but ran over 1 of them.",21,
267,Bike,Yes,2017-10-19T20:44:00.000,17-246808,Eastern District,Arcade St & Neid,Municipal State Aid,No,None,Male,St. Paul,55109,Unknown,Unknown,Unknown,Yes,Suspected Minor Injury,Yes,"{'latitude': '44.96716717', 'longitude': '-93.06607186'}",1,13,1,,,,,,,,2,Yes,30,16 year old child was riding a bike south on Arcade and crossing on a green light at Neid LN when a unknown vehicle hit him and knocked him off his bike. The vehicle took off North on Arcade. Minor injuries to child's head and left knee. He was transported to Regions Hospital for evaluation.,,16
268,Bike,Yes,2018-05-06T17:06:00.000,18-094602,Central District,Arlington Ave E & Klainert st,Municiapl State Aid,No,None,Male,St. Paul,55117,Female,St. Paul,55106,Yes,Suspected Minor Injury,Yes,"{'latitude': '44.98463216', 'longitude': '-93.09112853'}",1,3,3,,,,,,,,2,Stop Sign,30,"Biker was SB Klainert, going down hill and failed to stop for a stop sign, striking vehicle.",31,8
269,Pedestrian,Yes,2016-12-30T21:45:00.000,16-266642,Western District,Selby Ave & St. Albans,Municipal Aid Street,Yes,Driver,,,,Female,Woodbury,55125,,,,"{'latitude': '44.946579', 'longitude': '-93.128823'}",1,9,7,36,Male,St. Paul,55104,Yes,Suspected Minor Injury,Yes,2,No,30,"A Police Officer was walking in the street with a person he was arresting for a robbery.  While searching the subject prior to placing him in the squad, a vehicle driving EB on Selby struck the officer and arrestee, breaking the mirror on the vehicle.  The driver admitted seeing the officer and the person who was being arrested, stating that person looked familiar.  The driver said she did not intentionally strike the officer and did not realize she hit him until she was stopped by police.  The driver was extremely intoxicated, pbt was .245 BAC.  A search warrant was written for a blood draw and a sample was obtained.  The driver was booked for DWI and CVO.",22,
270,Pedestrian,Yes,2018-02-02T17:52:00.000,18-023336,Central District,Rice St & Wheelock,City,Yes,Driver,,,,Male,St. Paul,55106,,,,"{'latitude': '44.99002133', 'longitude': '-93.10583823'}",1,3,3,12,Female,St. Paul,55117,No,None,No,2,No,30,Pedestrian was struck by a vehicle as he crossed the street.  Witness said the driver had been s lowing and should have been able to avoid a crash if he was paying attention.  Driver admitted not seeing the pedestrian until after the crash.  Driver cited for failure to drive with due care.,48,
271,Bike,Yes,2016-08-01T11:15:00.000,16-152851,Central District,4th St E & Robert Street,State - Trunk Highway,No,None,Male,St. Paul,55101,Female,Excelsior,55331,Yes,Suspected Minor Injury,Yes,"{'latitude': '44.946606', 'longitude': '-93.090035'}",1,12,5,,,,,,,,4,Yes,30,,55,29
272,Pedestrian,Yes,2017-12-11T07:54:00.000,17-284534,Eastern District,Arcade St & Ivy,State - Trunk Highway,No,None,,,,Female,St. Paul,55106,,,,"{'latitude': '44.98112438', 'longitude': '-93.06606104'}",1,13,1,17,Male,St. Paul,55106,Yes,Suspected Minor Injury,Yes,4,Yes,30,"Vehicle was SB Arcade approaching Ivy.  Light turned yellow, then red.  Vehicle slowed, but due to ice and snow slid into cross walk and struck pedestrian. SRTS",30,
273,Bike,Yes,2018-06-13T21:59:00.000,18-128407,Western District,University Ave W & Snelling Ave N,County - State Aid Highway,Yes,Biker,Male,Maplewood,55119,Female,St. Paul,55104,Yes,Suspected Minor Injury,Yes,"{'latitude': '44.95551696', 'longitude': '-93.16691776'}",1,17,7,,,,,,,,4,Yes,30,Driver was EB University with green light.  Bike was NB Snelling against red light and was struck.  Biker was impaired by alcohol.  Biker cited for violation.,46,54
274,Pedestrian,No,2017-05-09T16:59:00.000,17-103456,Central District,Grand Ave & I35E,Municipal State Aid,No,None,,,,Unknown,Unknown,Unknown,,,,"{'latitude': '44.940111', 'longitude': '-93.114903'}",1,11,5,,Female,St. Paul,55102,No,None,No,4,Traffic Signal,30,Report not made.  Pedestrian Vs. Vehicle.  Vehicle fled.,,
275,Pedestrian,Yes,2016-01-22T22:55:08.000,16-014193,Eastern District,White Bear Ave & 3rd Street,,No,,,,,Male,Hastings,55033,,,,"{'latitude': '44.95676556', 'longitude': '-93.02529437'}",1,16,2,44,Male,St. Paul,55106,Yes,Suspected Minor Injury,Yes,,,,,37,