,crash_type,report_made,date_time,case_number,district,location,road_type,ticket_arrest,citation_to,biker_gender,biker_city_of_residence,biker_zip_code,driver_gender,driver_city_res,driver_zip_code,injury_to_biker,level_of_injury_to_biker,biker_to_hospital,location_1,count,:@computed_region_jitf_9zyt,:@computed_region_dysk_fpxp,ped_age,ped_gender,ped_city_res,ped_zip_code,injury_to_pedestrian,level_of_injury_to_ped,pedestrian_to_hospital,lanes_of_traffic,signal_present,speed_limit,synopsis,driver_age,biker_age
276,Pedestrian,Yes,2016-08-22T16:18:00.000,16-168917,Eastern District,Maryland Ave E & Prosperity,County - State Aid Highway,No,None,,,,Female,Cottage Grove,55016,,,,"{'latitude': '44.977533', 'longitude': '-93.040412'}",1,14,1,19,Female,St. Paul,55106,Yes,Suspected Minor Injury,Yes,3,Yes,30,,55,
277,Bike,Yes,2017-04-24T15:20:00.000,17-090123,Western District,Hamline Ave N & Piercebutler Rt,County - State Aid Highway,Bike,None,Male,St. Paul,55117,Female,Fridley,55421,Yes,Suspected Minor Injury,Yes,"{'latitude': '44.967872', 'longitude': '-93.156848'}",1,4,4,,,,,,,,2,No,40,"Vehicle was WB on Pierce Butler at Hamline.  10 y/o biker was riding SB on sidewalk, into E crosswalk.  Biker failed to stop for vehicle and rode into the side of the car, striking the mirror/passenger side door.  Minor injuries to child.  Witness confirmed account of what happened.",63,10
278,Pedestrian,Yes,2016-04-23T15:00:00.000,16-077879,Western District,1239 University Av W,,No,None,,,,Female,Staples,56479,,,,"{'latitude': '44.955922', 'longitude': '-93.152559'}",1,4,4,47,Male,St. Paul,55101,Yes,Possible Injury,No,,,,,23,
279,Pedestrian,No,2017-03-13T16:17:00.000,17-054585,Western District,2550 University Ave W,City,No,None,,,,Female,Unknown,Unknown,,,,"{'latitude': '44.965856', 'longitude': '-93.203621'}",1,1,4,,Male,Unknown,Unknown,No,None,No,2,No,30,Unknown - no report made.,,
280,Pedestrian,Yes,2016-08-12T18:26:00.000,16-161664,Western District,Central Ave W & Chatsworth St,City Street,No,None,,,,Unknown,Unknown,Unknown,,,,"{'latitude': '44.952867', 'longitude': '-93.140588'}",1,9,7,,Unknown,Unknown,Unknown,Unknown,Suspected Minor Injury,Yes,2,No,30,,,
281,Pedestrian,Yes,2017-11-07T01:57:00.000,17-260142,Eastern District,7th St E & Kittson St,State - Trunk Highway,Yes,Driver,,,,Male,St. Paul,55106,,,,"{'latitude': '44.95313975', 'longitude': '-93.0801605'}",1,15,5,39,Male,St. Paul,55102,Yes,FATAL,Yes,4,No,30,On 11-07-17 at approximately 0157 hours a squad was traveling west on 7th St E when they observed Unit 1 traveling east bound in the outside lane (curb lane) of 7th St E just past Kittson St. They observed Unit 1 appear to hit a large black object in the road on the bridge between Kittson St and Payne Av. The object flew several feet into the air and landed in the east bound lanes on 7th St E. Unit 1 continued east bound without slowing down. Officers determined the object was Pedestrian 2. Officers stopped Unit 1 and found driver 1 showed signs of intoxication. Driver 1 was arrested and a search warrant was obtained for a blood draw. A witness stated Pedestrian 2 had been in the road prior to this incident attempting to be hit on purpose. Medics pronounced Pedestrian 2 deceased at the scene and not transported by medics from the scene. Driver 1 admitted to striking Pedestrian 2 and leaving the scene without stopping to render assistance. Driver 1 also admitted to drinking alcohol earlier in the evening. Driver 1 was booked for Criminal  Vehicular Homicide.,24,
282,Bike,Yes,2016-07-18T15:16:00.000,16-143657,Central District,Wabasha St N & 5th Street,City Street,No,None,Male,St. Paul,55119,Female,Fridley,55432,Yes,Suspected Minor Injury,Yes,"{'latitude': '44.945691', 'longitude': '-93.094454'}",1,12,5,,,,,,,,3,Yes,30,,28,17
283,Pedestrian,Yes,2017-12-04T18:45:00.000,17-280383,Eastern District,Minnehaha Ave E & Kennard St,State - Trunk Highway,No,None,,,,Unknown,Unknown,unknown,,,,"{'latitude': '44.96310167', 'longitude': '-93.0301031'}",1,14,2,27,Female,St. Paul,55106,Yes,Suspected Minor Injury,Yes,2,No,30,Pedestrian was crossing Minnehaha in E x-walk of Kennard.  Vehicle's right mirror struck pedestrian as it failed to yield and passed by.,,
284,Pedestrian,Yes,2018-08-16T13:16:00.000,18-185596,Western District,Chatsworth & Fairmount,City,No,None,,,,Female,Unknown,Unknown,,,,"{'latitude': '44.93674536', 'longitude': '-93.1413392'}",1,8,5,36,Male,Red Wing,55066,No,None,No,2,No,30,"On 08/16/2018 at approximately 1316 hours, SPPD officers were sent to the intersection of Chatsworth Street and Fairmount Ave for a reported hit and run accident. Upon arrival, Officers learned a pedestrian was struck by a vehicle and the vehicle was observed leaving the scene. Subsequently, no one was injured.",,
285,Bike,Yes,2017-05-23T12:05:00.000,17-115444,Central District,Shepard Rd & Washington,County - State Aid Highway,No,None,Female,St. Paul,55101,Male,St. Paul,55102,Yes,Suspected Minor Injury,No,"{'latitude': '44.93820015', 'longitude': '-93.10411323'}",1,11,5,,,,,,,,4,Traffic Signal,40,"Bike was riding on sidewalk.  Vehicle making right turn, looking left, struck bike.",64,18
286,Bike,Yes,2017-08-01T13:47:00.000,17-178910,Eastern District,Magnolia Ave E & Barclay St,City,No,None,Male,St. Paul,55106,Female,St. Paul,55106,No,None,No,"{'latitude': '44.97404008', 'longitude': '-93.03848414'}",1,14,1,,,,,,,,2,Stop Sign,30,Driver SB Barclay.  Biker EB Magnolia in N x-walk.  Driver struck biker at low speed.,34,62
287,Bike,Yes,2016-06-22T17:55:00.000,16-124848,Western District,University Ave W & Fairview,Municipal Aid Street,Yes,Driver,Male,St. Paul,55104,Male,St. Paul,55104,Yes,Suspected Minor Injury,No,"{'latitude': '44.955798', 'longitude': '-93.177193'}",1,17,4,,,,,,,,,,,,42,64
288,Pedestrian,Yes,2017-01-17T07:45:00.000,17-011259,Central District,George St W & Ohio St S,Munincipal State Aid,No,None,,,,Female,St. Paul,55107,,,,"{'latitude': '44.929573', 'longitude': '-93.09775'}",1,7,5,10,Male,St. Paul,55107,Yes,Possible Injury,Yes,2,No,30,Vehicle was EB George at Ohio.  Vehicle stopped for stop sign and then started driving EB through the intersection.  A 10 y/o boy darted into the street SB and was struck by the vehicle.  Minor injuries.  Note: boy was on his way to school (Safe Routes to School SRTS).,47,
289,Bike,Yes,2017-07-06T09:51:00.000,17-155173,Western District,Grand Ave & Fairview,Municipal State Aid,Yes,Driver,Female,St. Paul,55104,Female,St. Paul,55105,Yes,Suspected Minor Injury,No,"{'latitude': '44.940095', 'longitude': '-93.177192'}",1,5,6,,,,,,,,3,Yes,30,Driver was EB Grand making left to NB Fairview.  Biker was WB Grand in n x-walk.  Driver struck biker.  Driver cited.,71,9
290,Pedestrian,No,2016-10-26T17:28:00.000,16-220688,Eastern District,7th St E & Maria,State - Trunk Highway,No,None,,,,Female,Minneapolis,55407,,,,"{'latitude': '44.95811392', 'longitude': '-93.07384228'}",1,15,2,,Male,Unknown,Unknown,Unknown,Unknown,No,4,Yes,30,"Driver was NB Maria making a right turn onto 7th.  Ped was not crossing as she made her turn, but then darted into traffic.  Driver struck pedestrian.  Pedestrian was not cooperative with investigation, no crash report made.",52,
291,Bike,Yes,2017-07-19T02:04:00.000,17-167173,Western District,Grand & Avon,Municiapl State Aid,No,None,Male,Brooklyn Park,55444,Male,St. Paul,55119,Yes,Possible Injury,Yes,"{'latitude': '44.93995672', 'longitude': '-93.13281575'}",1,8,5,,,,,,,,3,No,30,"Driver was EB Grand, making left turn.  Biker was EB Grand, in WB lane.  Driver could not see Biker and struck him when turning.",57,19
292,Bike,Yes,2016-07-01T07:39:00.000,16-131704,Central District,Arlington Ave E & Klainert St,Municipal Aid Street,Yes,Driver,Male,St. Paul,55130,Male,St. Paul,55103,Yes,Possible Injury,No,"{'latitude': '44.984582', 'longitude': '-93.09105'}",1,3,3,,,,,,,,,,,,38,52
293,Pedestrian,Yes,2016-09-30T16:44:00.000,16-200017,Western District,Chatsworth St N & Summit Ave,Municipal Aid Street,Yes,Driver,,,,Female,St. Paul,55107,,,,"{'latitude': '44.9413745', 'longitude': '-93.14143643'}",1,8,5,21,Male,Minneapolis,55418,Yes,Possible Injury,Yes,2,No,30,,78,
294,Pedestrian,Yes,2017-02-03T07:04:00.000,17-024136,Eastern District,Hawthorne Ave E & Ivy,City,No,None,,,,Female,St. Paul,55119,,,,"{'latitude': '44.981141', 'longitude': '-93.007001'}",1,14,1,16,Male,St. Paul,55119,No,None,No,2,No,30,"Driver of vehicle #1 was traveling westbound on Ivy Ave approaching Hawthorne Ave. The driver said she made a left turn onto Hawthorne Ave. She said as she made the turn she became aware of a pedestrian crossing the street on the driver side of her vehicle. She said she tried to hit the brake pedal and accidentally bumped the accelerator. Driver #1 said her
driver side mirror made contact with the pedestrian as she passed him. Driver #1 stopped to check on the pedestrian and then called police. The driver estimated she was going about 5mph at the time of the contact. There was no damage to the vehicle.  Minor injury to pedestrian. (SRTS)",57,
295,Bike,Yes,2016-05-17T17:22:00.000,16-096266,Western District,Cleveland Ave N & Iglehart,County - State Aid Highway,Yes,Driver,Female,Minneapolis,55407,Male,Eagan,55123,Yes,Suspected Minor Injury,Yes,"{'latitude': '44.94944', 'longitude': '-93.187351'}",1,17,4,,,,,,,,,,,,22,25
296,Bike,Yes,2017-09-26T08:28:00.000,17-227714,Central District,7th St E & John St,State - Trunk Highway,Yes,Driver,Female,South St. Paul,55075,Female,Maplewood,55109,Yes,Possible Injury,Yes,"{'latitude': '44.95319992', 'longitude': '-93.08419579'}",1,15,5,,,,,,,,5,Stop Sign,30,"Vehicle SB John, making right to 7th Street.  Biker EB on N sidewalk/x-walk.  Vehicle turned without looking at biker and struck biker.",65,34
297,Bike,Yes,2018-07-20T19:46:00.000,18-161876,Central District,Farrington & Thomas,Municiapl State Aid,No,None,Male,St. Paul,55103,Male,Unknown,Unknown,Yes,Suspected Minor Injury,No,"{'latitude': '44.95944336', 'longitude': '-93.11355136'}",1,10,7,,,,,,,,2,Stop Sign,30,Biker failed to stop for stop sign and struck vehicle.  Biker to told driver it was his fault and to leave prior to police arriving.,,14
298,Pedestrian,Yes,2016-08-25T17:16:00.000,16-171455,Western District,Snelling Ave N & St. Anthony,State - Trunk Highway,No,None,,,,Male,Inver Grove Heights,55076,,,,"{'latitude': '44.952084', 'longitude': '-93.166939'}",1,17,7,55,Male,St. Paul,55104,Yes,Possible Injury,Yes,8,Yes,30,,60,
299,Bike,Yes,2017-09-13T21:00:00.000,17-217340,Western District,Dayton Ave & Louis,City,No,None,Male,St. Paul,55102,Unknown,Unknown,Unknown,Yes,Suspected Minor Injury,No,"{'latitude': '44.94739948', 'longitude': '-93.11002232'}",1,9,7,,,,,,,,2,No,30,Biker was EB Dayton.  Driver starting from parked position made a left in front of bike and struck bike.  Driver fled scene.,,40
300,Pedestrian,Yes,2018-03-13T16:20:00.000,18-052067,Eastern District,Arcade St & Maryland Ave,Private,No,None,,,,Male,St. Paul,55130,,,,"{'latitude': '44.97750885', 'longitude': '-93.0660636'}",1,13,1,63,Male,Maplewood,55119,No,None,No,0,No,10,"Vehicle was NB in parkinglot, exiting to Maryland.  Pedestrian was on South sidewalk.  Driver struck pedestrian.",38,
301,Pedestrian,Yes,2018-04-22T17:15:00.000,18-082487,Central District,Rice St & Maryland Ave W,Private,No,None,,,,Unknown,Unknown,Unknown,,,,"{'latitude': '44.97741813', 'longitude': '-93.10590845'}",1,3,3,36,Male,St. Paul,55106,No,None,No,0,No,10,Vehicle was driving in the parking lot and struck a pedestrian.  Vehicle fled scne.,,
302,Pedestrian,Yes,2017-07-11T22:34:00.000,17-160488,Central District,Rice St & University Ave,County - State Aid,Yes,Driver,,,,Male,St. Paul,55106,,,,"{'latitude': '44.95588015', 'longitude': '-93.10598678'}",1,10,7,16,Female,St. Paul,55117,Yes,Suspected Minor Injury,No,4,Yes,30,Pedestrian was crossing University in E crosswalk.  Driver was SB Rice making a left onto EB University and struck pedestrian.  Driver cited.,25,
303,Bike,Yes,2017-10-19T16:08:00.000,17-246604,Eastern District,Johnson Pkwy & Case Ave,County - State Aid Highway,No,None,Male,St. Paul,55106,Male,St. Paul,55104,Yes,Possible Injury,Yes,"{'latitude': '44.96902572', 'longitude': '-93.04489594'}",1,14,1,,,,,,,,2,Stop Sign,30,Bikes were SB Johnson crossing case.  Driver was WB Case making right to NB Johnson and struck biker.,58,6
304,Pedestrian,Yes,2018-01-29T07:26:00.000,18-019722,Western District,Dayton Ave & Lexington Pkwy,County - State Aid Highway,Yes,Driver,,,,Male,St. Paul,55104,,,,"{'latitude': '44.9471586', 'longitude': '-93.1464359'}",1,9,7,17,Male,St. Paul,55104,Yes,Suspected Minor Injury,Yes,4,No,30,Driver looked down to plug the phone into his vehicle and struck a pedestrian.  Driver cited for failure to drive with due care.,40,
305,Pedestrian,Yes,2017-08-31T11:36:00.000,17-205550,Western District,Hamline Ave N & University Ave W,County - State Aid Highway,Yes,Driver,,,,Male,St. Paul,55102,,,,"{'latitude': '44.955637', 'longitude': '-93.156821'}",1,17,7,61,Female,St. Paul,55103,Yes,Possible Injury,No,5,Yes,30,"Driver NB Hamline, making right turn on green light.  Pedestrian crossing NB in E x-walk on walk sign.  Driver struck pedestrian.  Driver cited.",69,
306,Pedestrian,Yes,2018-01-21T21:45:00.000,18-014273,Western District,Fuller Ave & Marion St,County - State Aid Highway,Yes,Pedestrian,,,,Female,St. Paul,55103,,,,"{'latitude': '44.9528952', 'longitude': '-93.10981521'}",1,9,7,25,Female,St. Paul,55103,Yes,Possible Injury,No,4,No,30,Pedestrians were crossing midblock and failed to yield to motor vehicle that struck them.  Pedestrians claimed they had a signal to cross (which they did not).  Pedestrians were both cited for illegal crossing.,44,
307,Bike,Yes,2017-07-19T16:52:00.000,17-167746,Western District,Raymond Ave & Energy Park Drive,County - State Aid Highway,No,None,Male,St. Paul,55108,Ma,"Hudson, WI",54016,Yes,Possible Injury,No,"{'latitude': '44.97428004', 'longitude': '-93.19466319'}",1,1,4,,,,,,,,2,Yes,30,Biker NB in bike lane.  Driver made right turn and did not see the biker.,46,38
308,Pedestrian,Yes,2017-11-03T18:19:00.000,17-257953,Central District,Robert St N & 10th St E,State - Trunk Highway,No,None,,,,Male,St. Paul,55104,,,,"{'latitude': '44.95135709', 'longitude': '-93.09465476'}",1,12,5,62,Male,St. Paul,55104,Yes,Suspected Minor Injury,Yes,4,Yes,30,"Driver was EB 10th, making left to NB Robert and struck pedestrian. Driver stated he did not see the pedestrian.",46,
309,Pedestrian,Yes,2018-04-11T16:45:00.000,18-0073931,Central District,7 Pl E & Jackson St,Municiapl State Aid,Yes,Driver,,,,Male,Eagan,55123,,,,"{'latitude': '44.94970639', 'longitude': '-93.09099275'}",1,12,5,28,Female,Stacy,55079,Yes,Suspected Minor Injury,No,2,Yes,30,"Pedestrian was crossing Jackson when vehicle made left turn from WB 7th Place to SB Jackson and struck the pedestrian, who was in crosswalk with walk sign.  Driver cited for failure to yield to pedestrian in crosswalk and inattentive driving.",64,
310,Bike,Yes,2017-09-23T08:29:00.000,17-225369,Central District,Rice St & Sycamore,County - State Aid Highway,Yes,Biker,Male,St. Paul,55103,Female,St. Paul,55117,Yes,Suspected Minor Injury,Yes,"{'latitude': '44.96471715', 'longitude': '-93.10606009'}",1,3,7,,,,,,,,4,Yes,30,"Bike was NB on W sidewalk of Rice Street, with red light.  Vehicle was EB Sycamore, making right turn to SB Rice, with green light.  Bike failed to obey light and rode into vehicle.  Biker cited.",40,36
311,Bike,Yes,2016-09-20T07:16:00.000,16-192062,Western District,Mississippi River Blvd & Marshall Ave,County - State Aid Highway,Yes,Driver,Male,St. Paul,55104,Female,Apple Valley,55124,Yes,Suspected Minor Injury,Yes,"{'latitude': '44.948389', 'longitude': '-93.199397'}",1,17,4,,,,,,,,4,No,30,,24,48
312,Bike,Yes,2018-05-24T17:50:00.000,18-110842,Eastern District,Westminster & Sims Ave,Municiapl State Aid,No,None,Male,St. Paul,55106,Male,St. Paul,55130,Yes,Suspected Minor Injury,No,"{'latitude': '44.96911205', 'longitude': '-93.08556786'}",1,13,3,,,,,,,,2,No,30,"Driver was NB on Westminster, biker was EB on Sims.  Biker did not stop for stop sign and struck vehicle.",31,10
313,Pedestrian,Yes,2016-06-08T07:00:00.000,16-113396,Western District,Western Ave N & Selby Ave,Municipal Aid Street,Yes,Driver,,,,Male,Stacy,55079,,,,"{'latitude': '44.946554', 'longitude': '-93.116107'}",1,9,7,51,Male,St. Paul,55117,Yes,Suspected Minor Injury,No,,,,,62,
314,Bike,Yes,2017-12-31T00:20:00.000,17-298423,Central District,Rice St & Rose Ave,County - State Aid Highway,No,None,Female,St. Paul,55117,Male,St. Paul,55117,Yes,Possible Injury,,"{'latitude': '44.97645205', 'longitude': '-93.10588038'}",1,3,3,,,,,,,,2,Stop Sign,30,"Driver was WB Rose, making a right onto NB Rice.  Biker was SB on E sidewalk of Rice and crossed Rose in crosswalk.  Biker was struck by vehicle.",52,19
315,Pedestrian,Yes,2017-04-29T17:43:00.000,17-094615,Eastern District,5th Street E & Winthrop St,City,Driver,Driver,,,,Male,St. Paul,55119,,,,"{'latitude': '44.95949324', 'longitude': '-93.0099394'}",1,16,2,20,Male,St. Paul,55119,Yes,Possible Injury,Yes,2,No,30,Vehicle was travelling EB on 5th Street from Winthrop when it struck a pedestrian who had gotten out of a legally parked vehicle.  The pedestrian was transported to the hospital for minor injuries.  The driver was driving on a cancelled license and was inimical to public safety. The driver was also intoxicated.  The driver was arrested and booked into the jail.,47,
316,Pedestrian,Yes,2018-02-01T08:28:00.000,18-022073,Central District,Dorothy Day Pl & Old 6th St,Municiapl State Aid,Yes,Driver,,,,Male,Hopkins,55343,,,,"{'latitude': '44.94660481', 'longitude': '-93.10222341'}",1,12,5,65,Male,St. Paul,55102,Yes,Suspected Serious Injury,Yes,4,Yes,30,"Driver made an illegal right turn on red, striking a male pedestrian crossing in the crosswalk.  Male was in a wheelchair.",40,
317,Pedestrian,Yes,2018-05-13T13:50:00.000,18-100848,Western District,University Ave W & Simpson St,Private,No,None,,,,Male,Maplewood,55117,,,,"{'latitude': '44.95546738', 'longitude': '-93.16618937'}",1,17,7,73,Female,St. Paul,55101,Yes,Suspected Serious Injury,Yes,0,No,10,Pedestrian was walking in driveway of parking lot and struck at low speed by vehicle.  Driver stated he did not see the pedestrian.,51,
318,Pedestrian,Yes,2017-08-16T07:16:00.000,17-192017,Western District,Dale St N & Thomas Ave,Municiapl State Aid,No,None,,,,Female,St. Paul,55104,,,,"{'latitude': '44.95936807', 'longitude': '-93.12644645'}",1,10,7,57,Female,St. Paul,55104,No,None,No,2,No,30,"Driver made a right turn from parking lot of gas station to go EB Thomas.  Pedestrian crossing Thomas midblock, not in crosswalk, struck by turning vehicle.  Driver said pedestrian had been on sidewalk and then suddenly was in front of vehicle after turn.  No citations.",25,
319,Pedestrian,Yes,2018-06-21T15:31:00.000,18-135282,Central District,Kellogg Bd E & Robert St N,State - Trunk Highway,Yes,Driver,,,,Female,Minneapolis,55412,,,,"{'latitude': '44.94580099', 'longitude': '-93.08940356'}",1,12,5,58,Female,Maplewood,55109,Yes,Possible Injury,No,6,Yes,30,"Vehicle was NB Robert and made a left turn to WB Kellogg on a green arrow (according to driver).  Pedestrian was crossing Kellogg on the green arrow, but stopped at median until walk sign appeared, then continued.  Driver stated she did not know she hit a pedestrian.  Investigation revealed more information and driver was cited.",26,
320,Pedestrian,Yes,2018-02-09T15:28:00.000,18-028599,Central District,Arlington Ave W & Rice St N,Municiapl State Aid,No,None,,,,Male,St. Paul,55117,,,,"{'latitude': '44.98458252', 'longitude': '-93.10582822'}",1,3,3,11,Female,St. Paul,55106,Yes,Suspected Minor Injury,No,2,Yes,30,Driver was WB Arlington with green light.  Juvenile ran NB across Arlington against signal and ran into the side of the vehicle.  SRTS.,71,
321,Bike,Yes,2017-06-27T18:50:00.000,17-147018,Eastern District,Ivy Ave E & McKnight,City,No,None,Male,St. Paul,55106,Male,St. Paul,55119,No,None,No,"{'latitude': '44.98109264', 'longitude': '-93.0061916'}",1,14,1,,,,,,,,2,No,30,Bike and Vehicle were EB Ivy approaching McKnight.  Bike was riding in middle of lane.  Vehicle honked and then went around.  Bike turned left into vehicle.,35,38
322,Bike,Yes,2016-08-15T20:41:00.000,16-163954,Eastern District,Herbert St & Maryland Ave E,County - State Aid Highway,No,None,Female,St. Paul,55106,Male,St. Paul,55119,Yes,Suspected Minor Injury,Yes,"{'latitude': '44.977331', 'longitude': '-93.031447'}",1,14,1,,,,,,,,4,No,30,,53,16
323,Pedestrian,Yes,2018-06-08T19:23:00.000,18-124025,Central District,5th St E & Washington St,Municiapl State Aid,Yes,Driver,,,,Female,St. Paul,55107,,,,"{'latitude': '44.94519412', 'longitude': '-93.09754568'}",1,12,5,71,Male,Maplewood,55119,Yes,Suspected Minor Injury,Yes,4,Stop Sign,30,"Driver was NB Washington, making right onto EB 5th Street after stopping for stop sign.  Ped was crossing in crosswalk.  Driver struck the pedestrian.  Driver cited for failure to yield to pedestrian.",23,
324,Bike,No,2016-01-28T18:34:00.000,16-018139,Western District,Summit Ave & Ramsey St,,No,,Male,St. Paul,55116,Male,Unknown,Unknown,No,None,No,"{'latitude': '44.9414076', 'longitude': '-93.1179232'}",1,9,7,,,,,,,,,,,,55,26
325,Pedestrian,Yes,2016-07-05T18:09:00.000,16-135742,Eastern District,7th St E & Maria,State - Trunk Highway,Yes,Driver,,,,Female,St. Paul,55106,,,,"{'latitude': '44.95808', 'longitude': '-93.073781'}",1,15,2,59,Female,St. Paul,55107,Yes,Suspected Minor Injury,Yes,4,Yes,30,,36,
326,Pedestrian,Yes,2017-10-08T00:00:00.000,17-237997,Western District,Edmund Ave &  Farrington,City,No,None,,,,Male,Unknown,Unknown,,,,"{'latitude': '44.95859045', 'longitude': '-93.11358993'}",1,10,7,19,Female,St. Paul,55104,Yes,Suspected Minor Injury,Yes,2,Stop Sign,30,Pedestrian was WB in N Xwalk of Edmund at Farrington.  Red SUV SB ran through stop sign and struck pedestrian and then fled.,,
327,Bike,No,2016-03-21T15:25:00.000,16-054459,Eastern District,Dellwood Pl & Margaret St,,No,None,Male,St. Paul,55106,Female,Oakdale,55128,Yes,Suspected Minor Injury,No,"{'latitude': '44.961225', 'longitude': '-93.069834'}",1,15,2,,,,,,,,,,,,58,29
328,Pedestrian,Yes,2018-08-15T08:54:00.000,18-184323,Eastern District,Maryland Ave & Weide,County - State Aid Highway,Yes,Driver,,,,Male,St. Paul,55117,,,,"{'latitude': '44.977472', 'longitude': '-93.06757925'}",1,13,1,46,Male,St. Paul,55101,Yes,Suspected Minor Injury,Yes,2,No,30,Police officer was struck by a vehicle that was trying to flee after benig stopped for failure to yield to a pedestrian.  Driver arrested and later charged for multiple violations.,54,
329,Pedestrian,Yes,2017-04-01T12:52:00.000,17-070340,Western District,Wynne Ave & Lexington,Parking Lot,No,None,,,,Unknown,Unknown,Unknown,,,,"{'latitude': '44.97569', 'longitude': '-93.15058'}",1,2,4,49,Male,Shoreview,55126,Yes,Possible Injury,No,Private,No,10,"Pedestrian approached a vehicle that was blocking traffic to ask him to move. The driver was rude and argumentative.  The pedestrian stepped in front of the vehicle to take a photograph of the license plate.  The driver drove forward, striking the pedestrian.  The pedestrian struck the vehicle with a folding chair.  The driver fled the scene prior to police arriving.  No injuries.",,
330,Bike,Yes,2017-08-05T16:30:00.000,17-182955,Central District,Oakdale Ave & Winona,City,No,None,Female,St. Paul,55107,Male,St. Paul,55107,Yes,Possible Injury,Yes,"{'latitude': '44.92130509', 'longitude': '-93.07679507'}",1,7,5,,,,,,,,2,Stop Sign,30,Driving SB Oakdale crossing Winona.  Biker EB Oakdale and had a stop sign.  Biker going too fast to stop and struck vehicle.,33,12
331,Bike,Yes,2017-11-22T08:55:00.000,17-271275,Central District,Robert St S & Baker St,State - Trunk Highway,No,None,Male,St. Paul,55107,Male,Fridley,55432,No,None,,"{'latitude': '44.92626723', 'longitude': '-93.08074337'}",1,7,5,,,,,,,,4,Stop Sign,30,Biker was NB Robert crossing baker when vehicle rolled through crosswalk and struck biker.,56,16
332,Pedestrian,Yes,2016-07-12T18:13:00.000,16-140096,Western District,1416 Lexington Pkwy,County - State Aid Highway,No,None,,,,Female,St. Paul,55117,,,,"{'latitude': '44.983811', 'longitude': '-93.143657'}",1,2,4,78,Female,St. Paul,55106,Yes,Possible Injury,Yes,2,No,30,,40,
333,Pedestrian,Yes,2016-05-11T16:40:00.000,16-091652,Central District,7th St W & St. Clair,City Street,No,None,,,,Female,St. Paul,55107,,,,"{'latitude': '44.934116', 'longitude': '-93.117348'}",1,11,5,13,Male,St. Paul,55102,Yes,Suspected Serious Injury,Yes,,,,,16,
334,Bike,Yes,2016-07-03T23:29:00.000,16-134086,Central District,754 Rice Street,Private Parking Lot,No,None,Male,St. Paul,55103,Unknown,Unknown,Unknown,No,None,No,"{'latitude': '44.964041', 'longitude': '-93.105787'}",1,3,7,,,,,,,,Sidewalk,No,10,,,17
335,Pedestrian,Yes,2017-02-04T22:38:00.000,17-025539,Central District,Exchange St S & Walnut St,Munincipal State Aid,No,None,,,,Male,St. Paul,55104,,,,"{'latitude': '44.91975582', 'longitude': '-93.16732818'}",1,6,6,22,Female,Richfield,55423,Yes,Suspected Minor Injury,Yes,3,No,30,"Pedestrian was crossing the street, not in the crosswalk.  Driver struck pedestrian.  Pedestrian told the officers she did not know how the crash happened.  This was during the red bull crashed ice event.",51,
336,Pedestrian,Yes,2016-10-06T20:47:00.000,16-205335,Eastern District,York and Desoto,Private Parking Lot,No,None,,,,Male,St. Paul,55117,,,,"{'latitude': '44.968776', 'longitude': '-93.080973'}",1,13,3,29,Female,Savage,55378,Yes,Possible Injury,Yes,Private,No,10,,19,
337,Bike,Yes,2016-06-15T14:41:00.000,16-119109,Eastern District,Arlington Ave E & Clarence St,Municipal Aid Street,No,None,Male,St. Paul,55119,Unknown,Unknown,Unknown,Yes,Possible Injury,No,"{'latitude': '44.984784', 'longitude': '-93.043135'}",1,14,1,,,,,,,,,,,,,20
338,Ped2,,2016-10-16T02:25:01.000,16-212712,,,,,,,,,,,,,,,,1,,,22,Female,St. Paul,55106,Yes,Suspected Minor Injury,Yes,,,,ped 2 of 2 for above crash,,
339,Pedestrian,Yes,2016-01-03T17:00:00.000,16-001648,Western District,Selby Ave & Avon,County - State Aid Highway,No,,,,,Male,St. Paul,55104,,,,"{'latitude': '44.94649128', 'longitude': '-93.13371446'}",1,9,7,38,Female,"Kansas City, MO",64109,No,None,No,,,,,45,
340,Pedestrian,Yes,2016-11-02T14:21:00.000,16-225980,Central District,Arlington Ave W & Matilda,Municipal Aid Street,No,None,,,,Male,St. Paul,55117,,,,"{'latitude': '44.984584', 'longitude': '-93.112304'}",1,3,3,78,Male,St. Paul,55117,Yes,FATAL,Yes,2,No,30,Pedestrian crossing in marked crosswalk was struck by vehicle.,68,
341,Pedestrian,Yes,2018-01-13T17:14:00.000,18-008682,Eastern District,Earl St & Maryland Ave,Municiapl State Aid,Yes,Driver,,,,Female,St. Paul,55130,,,,"{'latitude': '44.97747145', 'longitude': '-93.05580183'}",1,13,1,46,Female,Minneapolis,55418,Yes,Possible Injury,Yes,2,Yes,30,Pedestrian in a wheelchair was crossing Earl with right of way.  Driver turned right from EB to SB and did not see the pedestrian.,38,
342,Ped2,,2016-12-30T21:45:02.000,16-266642,Western District,Selby Ave & St. Alband,,,,,,,,,,,,,"{'latitude': '44.946579', 'longitude': '-93.128823'}",1,9,7,19,Male,St. Paul,55104,,,,,,,2nd Pedestrian from above,,