,crash_type,report_made,date_time,case_number,district,location,road_type,ticket_arrest,citation_to,biker_gender,biker_city_of_residence,biker_zip_code,driver_gender,driver_city_res,driver_zip_code,injury_to_biker,level_of_injury_to_biker,biker_to_hospital,location_1,count,:@computed_region_jitf_9zyt,:@computed_region_dysk_fpxp,ped_age,ped_gender,ped_city_res,ped_zip_code,injury_to_pedestrian,level_of_injury_to_ped,pedestrian_to_hospital,lanes_of_traffic,signal_present,speed_limit,synopsis,driver_age,biker_age
343,Pedestrian,Yes,2017-03-15T08:07:00.000,17-055915,Western District,Dale St N & Maryland Ave W,County - State Aid Highway,Yes,Driver,,,,Male,St. Paul,55117,,,,"{'latitude': '44.97746034', 'longitude': '-93.12628777'}",1,2,3,44,Female,St. Paul,55117,Yes,Possible Injury,Yes,4,Yes,30,"Vehicle was EB on Maryland, making a right turn onto SB Dale.  Pedestrian was crossing in S crosswalk and was struck by turning vehicle.  Driver states the sun prevented him from seeing the pedestrian.",27,
344,Bike,Yes,2016-09-12T22:04:00.000,16-186132,Eastern District,7 St E & Maria,Municipal Aid Street,No,None,Male,Unknown,Unknown,Male,"Roberts, WI",54023,No,None,No,"{'latitude': '44.95808', 'longitude': '-93.073781'}",1,15,2,,,,,,,,2,Yes,30,,46,29
345,Pedestrian,Yes,2017-08-10T16:08:00.000,17-187290,Western District,Ashland Ave & Mackubin,City,Yes,Driver,,,,Female,St. Paul,55104,,,,"{'latitude': '44.9446664', 'longitude': '-93.12132154'}",1,9,7,24,Female,St. Paul,55102,Yes,Suspected Minor Injury,Yes,2,Stop Sign,30,"Driver NB on Mackubin, midblock, north of Ashland.  Pedestrian ran across street (raining) and was struck.  Driver claimed to not have seen pedestrian until too late.  Driver fled because she was scared.  Case submitted to City Attorney for Charging.",36,
346,Pedestrian,Yes,2016-12-21T16:32:00.000,16-260496,Eastern District,White Bear Ave N & Maryland Ave E,County - State Aid Highway,Yes,Driver,,,,Male,St. Paul,55106,,,,"{'latitude': '44.977511', 'longitude': '-93.025303'}",1,14,1,57,Male,St. Paul,55106,No,None,No,4,Yes,30,"Vehicle was SB on White Bear, making right turn onto WB Maryland with green light.  Pedestrian was walking SB in W crosswalk.  Vehicle failed to yield right of way.  Driver was cited.",23,
347,Bike,Yes,2017-09-15T14:38:00.000,17-218700,Eastern District,3rd St E & Johnson Pkwy,Municipal State Aid,No,None,Male,"Roberts, WI",54023,Female,St. Paul,55106,Yes,Suspected Minor Injury,Yes,"{'latitude': '44.95671629', 'longitude': '-93.04587927'}",1,15,2,,,,,,,,4,Yes,30,Bike was NB Johnson.  Vehicle was turning EB 3rd from Johnson and struck biker.,68,27
348,Pedestrian,Yes,2018-02-13T15:27:00.000,18-031315,Western District,Snelling Ave N & Spruce Tree,State - Trunk Highway,Yes,Driver,,,,Male,Cottage Grove,55016,,,,"{'latitude': '44.954783', 'longitude': '-93.166921'}",1,17,7,56,Male,St. Paul,55101,Yes,Suspected Minor Injury,Yes,5,Yes,30,VEHICLE #1 WAS DRIVING WEST ON SPRUCE TREE MAKING LEFT TURN TO SOUTHBOUND SNELLING ON A GREEN LIGHT. PEDESTRIAN #2 WAS WALKING EAST IN SOUTH CROSSWALK. VEHICLE #1 STRUCK PEDESTRIAN. SPFD MEDIC TRANSPORTED PEDESTRIAN TO REGIONS HOSPITAL WITH POSSIBLE INJURIES. DRIVER #1 SAID HE DIDN'T SEE PEDESTRIAN IN CROSSWALK DUE TO SUN. DRIVER #1 WAS ISSUED CITATION #620906236166 FOR FAIL TO YIELD TO PEDESTRIAN IN CROSSWALK.,32,
349,Ped2,,2018-08-03T21:16:01.000,18-173988,,,,,,,,,,,,,,,,1,,,18,Male,St. Paul,55102,Yes,Suspected Minor Injury,No,,,,2nd pedestrian from this crash,,
350,Pedestrian,No,2017-05-02T16:32:00.000,17-096913,Eastern District,Maryland Ave E & Walsh St,County - State Aid Highway,No,None,,,,Male,Unknown,Unknown,,,,"{'latitude': '44.977489', 'longitude': '-93.069378'}",1,13,1,,Male,Unknown,Unknown,Unknown,Unknown,Unknown,4,No,30,"no report made.  Caller reported dark suv struck ped in crosswalk, but pedestrian got up and walked away.  When police arrived no one was around.  Call was cleared Gone On Arrival.",,
351,Bike,Yes,2017-09-28T13:42:00.000,17-229864,Western District,Marshall Ave & Otis St,City,No,None,Male,St. Paul,55104,Female,St. Paul,55105,Yes,Possible Injury,No,"{'latitude': '44.94869107', 'longitude': '-93.19792399'}",1,17,4,,,,,,,,2,No,30,Vehicle was exiting parking lot of 300 Mississippi River Blvd onto Otis.  Bike was struck on Otis.,66,71
352,Pedestrian,Yes,2018-03-22T22:46:00.000,18-059353,Western District,Hwy 280 & Como Ave,Municiapl State Aid,No,None,,,,Unknown,Unknown,Unknown,,,,"{'latitude': '44.98792905', 'longitude': '-93.20429875'}",1,1,4,26,Male,Cambridge,55008,Yes,Suspected Minor Injury,Yes,3,No,30,Pedestrian was crossing Como underneath Hwy 280.  Unknown vehicle struck pedestrain and fled.  Limited description given.  Case is open for investigation.,,
353,Pedestrian,Yes,2017-09-07T12:15:00.000,17-211723,Western District,Dale St N & University Ave W,County - State Aid Highway,Yes,Pedestrian,,,,Female,Fridley,55432,,,,"{'latitude': '44.95582232', 'longitude': '-93.1260529'}",1,10,7,52,Male,St. Paul,55103,Yes,Possible Injury,Yes,5,Yes,30,Driver was WB University with green light.  Pedestrian ran out in front of vehicle against red light and was struck.,26,
354,Bike,Yes,2018-08-12T09:37:00.000,18-181720,Western District,Avon & Summit,Municiapl State Aid,Yes,Driver,Male,St. Paul,55104,Male,Mendota Heights,55118,No,None,No,"{'latitude': '44.94125075', 'longitude': '-93.13424065'}",1,8,5,,,,,,,,2,No,30,"Driver and Biker both EB Summit.  Driver moved to right and into bike lane, striking the biker.",69,48
355,Pedestrian,Yes,2017-10-30T18:36:00.000,17-254701,Eastern District,White Bear Ave & Wilson St,County - State Aid Highway,No,None,,,,Male,Oakdale,55128,,,,"{'latitude': '44.95416162', 'longitude': '-93.02528831'}",1,16,2,33,Female,St. Paul,55119,No,None,No,4,No,30,"Vehicle SB White Bear Ave, Ped crossing at Wilson, with a stroller and child.  Vehicle struck peds.",22,
356,Pedestrian,Yes,2018-02-17T18:17:00.000,18-034637,Western District,Marion St & Ravoux St,County - State Aid Highway,Yes,Driver,,,,Male,Minneapolis,55412,,,,"{'latitude': '44.95222711', 'longitude': '-93.10995817'}",1,9,7,63,Male,St. Paul,55103,Yes,Suspected Minor Injury,Yes,4,No,30,"Witness vehicle #1 was SB on Marion in left (inside) lane, and stopped for pedestrian in crosswalk.  Pedestrian was crossing in marked crosswalk.  Suspect driver #2 SB marion in right (outside) lane failed to stop, passing the stopped car and striking the pedestrian.  Striking vehicle fled, but was later located by police. Driver was imparied and was arrested, .14 BAC.",53,
357,Pedestrian,Yes,2018-06-05T17:35:00.000,18-121234,Central District,Geranium & Sylvan,City,Yes,Driver,,,,Female,St. Paul,55106,,,,"{'latitude': '44.97652688', 'longitude': '-93.09980345'}",1,3,3,4,Female,St. Paul,55117,Yes,Suspected Minor Injury,No,2,No,30,Driver was EB Geranium.  4 y/o ran into street and was struck.  Driver did not have a license or insurance.  Driver cited.,24,
358,Bike,Yes,2016-12-05T17:18:00.000,16-249553,Central District,Como Ave & Rice St,County - State Aid Highway,No,None,Male,St. Paul,55117,Male,St. Paul,55113,Yes,Suspected Minor Injury,No,"{'latitude': '44.95895', 'longitude': '-93.105954'}",1,10,7,,,,,,,,4,Yes,30,"Bike was NB on Rice (W crosswalk), vehicle was NB Rice, making left turn to WB Como, struck biker who was legally in crosswalk with signal.",48,44
359,Pedestrian,Yes,2017-05-15T14:33:00.000,17-108800,Western District,Snelling Ave N & Hewitt Ave,State - Trunk Highway,No,None,,,,Male,Taylors Falls,55084,,,,"{'latitude': '44.96644769', 'longitude': '-93.16683738'}",1,4,4,28,Female,Minneapolis,55404,No,None,No,5,Traffic Signal,30,"Vehicle was EB Hewitt, making a left turn to NB Snelling on green light.  Pedestrian was WB Hewitt walking in north crosswalk with walk signal.  It was raining hard.  Driver stated he did not see the pedestrian due to rain.  No citations issued.",78,
360,Bike,Yes,2018-07-13T18:00:00.000,18-155336,Central District,Rice & Sycamore,County - State Aid Highway,Yes,Driver,Female,St. Paul,55117,Male,St. Paul,55104,Yes,Suspected Minor Injury,Yes,"{'latitude': '44.96477429', 'longitude': '-93.10608703'}",1,3,7,,,,,,,,2,Yes,30,V1 WAS TRAVELING EASTBOUND ON SYCAMORE ATTEMPTING TO TURN SOUTH ONTO RICE ST. V1 SLOWED FOR A RED LIGHT PRIOR TO THE TURN BUT DID NOT YIELD TO A BICYCLE IN THE CROSSWALK CAUSING AN CRASH.  DRIVER CITED.,28,52
361,Pedestrian,Yes,2017-12-19T18:04:00.000,17-290793,Western District,Victoria St N & Concordia,Municipal State Aid,No,None,,,,Male,"New Richmond, WI",54017,,,,"{'latitude': '44.9512481', 'longitude': '-93.13635408'}",1,9,7,47,Female,St. Paul,55104,Yes,Suspected Minor Injury,No,2,Stop Sign,30,"Vehicle was SB Victoria, made a left onto EB Concordia after stopping at stop sign.  Pedestrian was crossing in crosswalk and was struck.  Driver said they did not see the pedestrian.",33,
362,Pedestrian,Yes,2017-05-30T09:02:00.000,17-121488,Eastern District,Jenks & Frank,City,No,None,,,,Male,St. Paul,55106,,,,"{'latitude': '44.97080924', 'longitude': '-93.05333929'}",1,13,1,4,Male,St. Paul,55106,Yes,Possible Injury,No,2,No,30,"On 05/30/2017 at approximately 0908 hours, Vehicle #1 was SB Frank when a child darted out (EB) from the alley South of Jenks. Driver of vehicle #1 said he attempted to stop but was unable to and struck the child. Per the child's sister, she was holding the child's hand when he darted towards the street and did not stop for the vehicle. The child had a scuff on his right knee and was not transported to the hospital. Driver of Vehicle #1 was cited for DAS (620906092020).",34,
363,Bike,Yes,2017-08-14T16:38:00.000,17-190676,Central District,Rice St & Maryland Ave W,County - State Aid Highway,No,None,Female,St. Paul,55117,Male,St. Paul,55117,No,None,No,"{'latitude': '44.9779981', 'longitude': '-93.10588322'}",1,3,3,,,,,,,,4,No,30,"Biker NB on E sidewalk.  Vehicle exiting Tin Cups parking lot, struck biker.",49,11
364,Pedestrian,Yes,2017-06-05T14:44:00.000,17-127876,Eastern District,1164 Arkwright St,City,No,None,,,,Unknown,Unknown,Unknown,,,,"{'latitude': '44.97607383', 'longitude': '-93.08358497'}",1,13,3,37,Male,St. Paul,55106,Yes,Suspected Serious Injury,Yes,2,No,30,"Vehicle intentionally drove at group of people on sidewalk, striking one and causing serious injuries.  Investigation continues.",,
365,Bike,Yes,2016-08-08T07:13:00.000,16-158207,Western District,Cretin Ave S & Ford Pkwy,County - State Aid Highway,Yes,Driver,Male,St. Paul,55116,Male,Minneapolis,55411,Yes,Suspected Minor Injury,Yes,"{'latitude': '44.917861', 'longitude': '-93.192482'}",1,6,6,,,,,,,,5,Yes,30,,32,28
366,Bike,Yes,2016-03-12T08:23:00.000,16-047754,Eastern District,Mounds Blvd & Clermont,,No,None,Male,St. Paul,55101,Unknown,Unknown,Unknown,Yes,Suspected Minor Injury,Yes,"{'latitude': '44.94678255', 'longitude': '-93.05983703'}",1,15,2,,,,,,,,,,,,,53
367,Bike,No,2016-03-14T08:52:00.000,16-049190,Western District,St. Clair Ave & Finn St,,No,None,Female,Plymouth,55447,Unknown,Unknown,Unknown,No,None,No,"{'latitude': '44.9343015', 'longitude': '-93.1901177'}",1,5,6,,,,,,,,,,,,,75
368,Pedestrian,No,2016-07-22T12:02:00.000,16-146137,Eastern District,White Bear Ave N & Suburban,County - State Aid Highway,No,None,,,,Unknown,Unknown,Unknown,,,,"{'latitude': '44.949685', 'longitude': '-93.025222'}",1,16,2,,Unknown,Unknown,Unknown,No,None,No,4,Yes,30,,,
369,Pedestrian,Yes,2016-11-01T18:47:00.000,16-225409,Central District,11th Street & Jackson Street,Municipal Aid Street,No,None,,,,Unknown,Unknown,Unknown,,,,"{'latitude': '44.95288559', 'longitude': '-93.09388244'}",1,12,5,30,Male,St. Paul,55119,Yes,Suspected Minor Injury,Yes,6,Yes,30,"Ped crossing against signal and was struck be vehicle.  Driver stopped to check, but then left scene without providing any information.",,
370,Pedestrian,Yes,2016-03-23T14:59:00.000,16-055981,Eastern District,Bates Ave & 7th Street,,No,None,,,,Male,Elk River,55330,,,,"{'latitude': '44.95831955', 'longitude': '-93.07172423'}",1,15,2,35,Male,Cedar,55011,Yes,Suspected Minor Injury,No,,,,,58,
371,Bike,Yes,2016-08-04T21:05:00.000,16-155865,Western District,Aurora Ave & Western Ave,City Street,No,None,Male,St. Paul,55068,Male,St. Paul,55117,No,None,No,"{'latitude': '44.954886', 'longitude': '-93.116117'}",1,9,7,,,,,,,,2,No,30,,34,28
372,Pedestrian,Yes,2018-07-04T22:21:00.000,18-147614,Eastern District,6 St E & Bates st,Municiapl State Aid,No,None,,,,Unknown,Unknown,Unknown,,,,"{'latitude': '44.95763712', 'longitude': '-93.07095855'}",1,15,2,14,Male,St. Paul,55106,Yes,Possible Injury,No,2,No,30,"Driver was WB 6th, making left to SB Bates.  Struck a pedestran that was trying to cross the street.  Driver fled the scene.",,
373,Pedestrian,Yes,2016-11-16T12:28:00.000,16-235922,Western District,Victoria St N & Blair Ave,City Street,No,None,,,,Unknown,Unknown,Unknown,,,,"{'latitude': '44.96109313', 'longitude': '-93.13647421'}",1,10,7,57,Male,St. Paul,55104,Yes,Suspected Serious Injury,Yes,2,No,30,"Pedestrian told police he was walking near this location when he was struck by a vehicle, Unknown make, model or color.  No further information.",,
374,Pedestrian,Yes,2016-05-03T18:14:00.000,16-085386,Western District,1300 W University Ave,Private Parking Lot,No,None,,,,Female,St. Paul,55102,,,,"{'latitude': '44.953311', 'longitude': '-93.155535'}",1,17,7,49,Female,St. Paul,55102,Yes,Possible Injury,No,,,,,29,
375,Pedestrian,Yes,2017-10-16T14:07:00.000,17-244119,Western District,University Ave W & Pascal St N,Parking Lot,No,None,,,,Female,Eagan,55122,,,,"{'latitude': '44.95546582', 'longitude': '-93.16198804'}",1,17,7,29,Female,St. Paul,55119,Yes,Possible Injury,Yes,Private,No,10,Vehicle backing in parking lot struck pedestrian.,24,
376,Pedestrian,Yes,2016-08-18T13:38:00.000,16-165999,Western District,Lexington Pkwy N & Concordia,Municipal Aid Street,Yes,Driver,,,,Female,Hastings,55033,,,,"{'latitude': '44.95128', 'longitude': '-93.146756'}",1,17,7,57,Male,St. Paul,55104,Yes,Possible Injury,Yes,4,Yes,30,,19,
377,Pedestrian,Yes,2018-04-29T15:25:00.000,18-088108,Western District,Como Ave & Lexington Pkwy,City,No,None,,,,Male,Minneapolis,55419,,,,"{'latitude': '44.9775112', 'longitude': '-93.14941246'}",1,2,4,24,Male,West St. Paul,55118,Yes,Possible Injury,Yes,2,No,30,"Pedestrian was crossing Como Ave, W of Lexington when struck by a moped.  Vehicle had the right of way.",40,
378,Bike,No,2016-12-05T09:47:00.000,16-249186,Western District,Pascal St N & Englewood Ave,City Street,No,None,Female,St. Paul,55104,Female,St. Paul,55104,No,None,No,"{'latitude': '44.964076', 'longitude': '-93.162197'}",1,4,4,,,,,,,,2,No,30,"no report.  Comments state: happened just east of pascal on Englewood. Veh#2 was EB, when bike#1 biked into the passenger side of veh#2. Biker#1 was ""Heather"", Unknown last name, Hamline University student.. veh had a broken passenger side mirror. Driver said the bicyclist apologized several times, telling her ""it was my fault"". Driver said after the bicyclist left, she realized they had not exchanged any information.",39,
379,Pedestrian,Yes,2016-02-05T19:08:00.000,16-023556,Central District,Kellogg Bd W & Mulberry St,,No,,,,,Unknown,Unknown,Unknown,,,,"{'latitude': '44.94814519', 'longitude': '-93.10552468'}",1,12,5,27,Female,St. Paul,55102,Yes,Suspected Minor Injury,Yes,,,,,,
380,Bike,Yes,2017-06-16T15:07:00.000,17-137868,Eastern District,Maryland & Earl,County - State Aid Highway,No,None,Male,St. Paul,55106,Male,St. Paul,55106,No,None,No,"{'latitude': '44.97759531', 'longitude': '-93.05578853'}",1,13,1,,,,,,,,2,No,30,Bike was riding EB on N sidewalk of Maryland at a high rate of speed.  Driver was EB made a left turn and did not see the bike because it was going so fast.  Bike rode into the side of the vehicle.  No citations issued.,66,17
381,Pedestrian,No,2016-07-24T11:27:00.000,16-147483,Western District,University Ave W & Hamline Ave N,County - State Aid Highway,No,None,,,,Unknown,Unknown,Unknown,,,,"{'latitude': '44.955637', 'longitude': '-93.156821'}",1,17,7,,Unknown,Unknown,Unknown,No,None,No,4,Yes,30,,,
382,Pedestrian,Yes,2017-04-08T18:29:00.000,17-076535,Central District,4th St E & Sibley St,Municipal State Aid,Yes,Pedestrian,,,,Male,St. Paul,55101,,,,"{'latitude': '44.9479027', 'longitude': '-93.08741456'}",1,12,5,25,Male,St. Paul,55106,No,None,No,4,Yes,30,"Pedestrian was running away from the police on foot.  Pedestrian was intoxicated (.34 BAC).  Pedestrian tripped and fell.  Police car stopped and pinched the shoe of the pedestrian against the ground (note it did not run over the foot).  Medics called to scene and checked out the pedestrian, no injury from the vehicle.  Pedestrian was arrested and booked into the jail.",37,
383,Pedestrian,Yes,2018-06-18T23:55:00.000,18-132780,Eastern District,Earl St & Pacific St,Municiapl State Aid,Yes,Driver,,,,Male,St. Paul,55106,,,,"{'latitude': '44.9516052', 'longitude': '-93.05605852'}",1,15,2,56,Male,St. Paul,55106,Yes,Suspected Minor Injury,No,2,No,30,"Vehicle was SB Earl, making a left onto EB Pacific.  Peds were crossing SB in E x-walk.  Vehicle turned and struck pedestrians.   Driver found to be impaired by alcohol; arrested for Criminal Vehicular Operation.",47,
384,Pedestrian,Yes,2017-11-17T15:30:00.000,17-267432,Central District,Cedar Ave & Kellogg Blvd,municipal State Aid,No,None,,,,Unknown,Unknown,Unknown,,,,"{'latitude': '44.94452744', 'longitude': '-93.09151446'}",1,12,5,54,Female,St. Paul,55101,Yes,Possible Injury,Yes,3,Yes,30,Pedestrian was crossing Cedar in N x-walk of Kellogg with green light and walk sign.  Driver struck pedestrian and fled.,,
385,Pedestrian,Yes,2017-10-26T09:39:00.000,17-251684,Western District,Snelling Ave N & University Ave W,County - State Aid Highway,No,None,,,,Male,St. Paul,55104,,,,"{'latitude': '44.95550483', 'longitude': '-93.16720083'}",1,17,4,24,Female,St. Paul,55104,Yes,Possible Injury,No,6,Yes,30,"Vehicle was EB University, making right to SB Snelling.  Pedestrian walking EB University in S X-Walk with right of way. Driver struck pedestrian.",33,
386,Pedestrian,Yes,2017-10-03T15:32:00.000,17-233929,Central District,Front Ave & Western Ave,County - State Aid Highway,No,None,,,,Male,Unknown,Unknown,,,,"{'latitude': '44.97011168', 'longitude': '-93.11726991'}",1,3,7,44,Female,St. Paul,55117,Yes,Suspected Serious Injury,Yes,2,No,30,Vehicle intentionally struck pedestrian.  Being investigated as an aggravated assault by police.,,
387,Pedestrian,Yes,2016-08-16T17:25:00.000,16-164565,Central District,Sibley St & Kellogg,Municipal Aid Street,No,None,,,,Male,St. Paul,55101,,,,"{'latitude': '44.947141', 'longitude': '-93.086673'}",1,12,5,70,Female,Spring Lake Park,55384,No,None,No,5,Yes,30,,52,
388,Pedestrian,No,2017-05-24T17:29:00.000,17-116537,Eastern District,Arcade & Sherwood,City,No,None,,,,Male,Unknown,Unknown,,,,"{'latitude': '44.983973', 'longitude': '-93.065099'}",1,13,1,,Male,St. Paul,55106,No,None,No,2,Stop Sign,30,"No report.  Pedestrian struck driver's mirror with elbow, no injuries.",,
389,Pedestrian,Yes,2018-05-05T16:34:00.000,18-093839,Western District,Jefferson & Edgcumbe Rd,Municiapl State Aid,Yes,Driver,,,,Male,St. Paul,55105,,,,"{'latitude': '44.93042752', 'longitude': '-93.14985363'}",1,5,6,41,Female,St. Paul,55116,No,None,No,2,No,30,"Driver was WB Jefferson and made a u-turn at Edgecumbe, striking 2 pedestrians that were in the crosswalk.  Driver cited for failure to yield to pedestrians.",71,
390,Pedestrian,Yes,2016-08-24T18:23:00.000,16-170612,Eastern District,Greenbrier St & York St,City Street,No,None,,,,Unknown,Unknown,Unknown,,,,"{'latitude': '44.968461', 'longitude': '-93.071028'}",1,13,1,23,Female,St. Paul,55106,Yes,Suspected Minor Injury,Yes,2,No,30,,,
391,Bike,No,2017-05-08T16:39:00.000,17-102532,Eastern District,7th St E & Payne Ave,State - Trunk Highway,No,None,Female,St. Paul,55106,Male,St. Paul,55106,Yes,Suspected Minor Injury,No,"{'latitude': '44.955898', 'longitude': '-93.078327'}",1,13,3,,,,,,,,4,Traffic Signal,30,Bicycle was riding on sidewalk and entered crosswalk as driver was making a right turn and looking left.  Officers were unable to determine who was at fault.  Very minor injuries.,55,59
392,Bike,Yes,2018-06-18T19:36:00.000,18-132603,Western District,Concordia Ave & Griggs,Municiapl State Aid,No,None,Female,Minneapolis,55408,Male,St. Paul,55104,Yes,Suspected Serious Injury,Yes,"{'latitude': '44.95112284', 'longitude': '-93.15169859'}",1,17,7,,,,,,,,2,RRFB,30,"Biker was SB on walking bridge, crossing concordia.  Drier was EB Concordia.  Investigation is on-going.",44,29
393,Pedestrian,Yes,2016-02-17T18:22:00.000,16-031102,Western District,Dale St N & St. Anthony,,Yes,Driver,,,,Male,St. Paul,55104,,,,"{'latitude': '44.9521027', 'longitude': '-93.1263367'}",1,9,7,45,Male,St. Paul,55101,Yes,Suspected Minor Injury,Yes,,,,,41,
394,Bike,Yes,2016-03-22T13:32:00.000,16-055198,Western District,Lexington Pkwy & Front,,Yes,Driver,Male,St. Paul,55106,Female,St. Paul,55108,Yes,Suspected Serious Injury,No,"{'latitude': '44.970298', 'longitude': '-93.146504'}",1,2,3,,,,,,,,,,,,82,53
395,Pedestrian,Yes,2018-08-08T16:21:00.000,18-178284,Western District,1450 Energy Pk Drive,County - State Aid Highway,No,None,,,,Male,St. Paul,55108,,,,"{'latitude': '44.9719827', 'longitude': '-93.1619405'}",1,2,4,46,Female,Oakdale,55128,Yes,Suspected Minor Injury,Yes,4,No,30,Driver of Unit 1 was traveling EB on Energy Park in the right lane of travel. A semi truck was stopped in the left lane of travel also traveling EB with it's hazards on. The semi truck was stopped for a pedestrian attempting to cross at the marked cross walk. Driver of Unit 1 stated that his vision was obstructed by the semi truck and did not see the pedestrian attempting to cross in the cross walk as he struck her. Female was struck and transported to Regions for treatment. No citations issued at this time.,44,
396,Bike,Yes,2016-11-25T12:06:00.000,16-241915,Eastern District,Minnehaha Ave E & Edgerton St,County - State Aid Highway,Yes,Driver,Male,St. Paul,55130,Male,St. Paul,55130,Yes,Suspected Minor Injury,No,"{'latitude': '44.962998', 'longitude': '-93.073942'}",1,13,1,,,,,,,,2,No,30,"Vehicle was SB Edgerton, stopped at stop sign, then made left onto EB Minnehaha.  Bike was crossing NB Edgerton in marked crosswalk, when struck by vehicle.  Driver cited for FTY ped in crosswalk.",25,9
397,Bike,Yes,2018-06-29T09:53:00.000,18-142565,Western District,Snelling Ave S & Portland Ave,County - State Aid Highway,No,None,Male,St. Paul,55105,Male,St. Paul,55105,Yes,Possible Injury,Yes,"{'latitude': '44.94291', 'longitude': '-93.167006'}",1,17,4,,,,,,,,4,No,30,Driver was exiting parking lot onto Lexington.  Biker was riding on the sidewalk and was struck.,62,71
398,Bike,Yes,2018-05-29T14:44:00.000,18-114809,Western District,University Ave W & Chatsworth St N,County - State Aid Highway,No,None,Male,St. Paul,55106,Female,Eagan,55121,No,None,No,"{'latitude': '44.95581842', 'longitude': '-93.14157386'}",1,10,7,,,,,,,,4,Yes,30,"Vehicle was WB University with green light.  2 boys were crossing University against the light, and said they did not see any traffic.  Vehicle swerved to avoid bikers and went onto sidewalk, striking a pole.  No injuries.",42,14
399,Bike,Yes,2017-10-22T17:07:00.000,17-248828,Eastern District,Phalen Blvd & Cayuga St,Municipal State Aid,Yes,Driver,Male,St. Paul,55102,Female,South St. Paul,55075,No,None,No,"{'latitude': '44.96596187', 'longitude': '-93.06204444'}",1,13,1,,,,,,,,2,No,35,"Unit 1 was traveling southbound on Mendota Circle at Phalen Blvd. Unit 2 was traveling westbound on Phalen Blvd at Mendota circle, Unit 1 struck unit 2 in crosswalk. No injuries reported.",25,54
400,Pedestrian,Yes,2016-11-30T08:47:00.000,16-245407,Western District,Concordia Ave & Hamline Ave N,Municipal Aid Street,No,None,,,,Male,St. Paul,55104,,,,"{'latitude': '44.95132', 'longitude': '-93.156809'}",1,17,7,19,Male,Centerville,55038,Yes,Suspected Minor Injury,Yes,4,Yes,30,Pedestrian illegally crossed Hamline (W to E) midblock south of Concordia and was struck by a vehicle.,26,
401,Pedestrian,Yes,2016-05-02T09:10:00.000,16-084122,Western District,Dale St N & University Ave W,County - State Aid Highway,Yes,Driver,,,,Female,St. Paul,55119,,,,"{'latitude': '44.955649', 'longitude': '-93.126216'}",1,9,7,57,Male,St. Paul,55104,Yes,Suspected Serious Injury,Yes,,,,,39,
402,Pedestrian,Yes,2016-06-27T15:42:00.000,16-128647,Western District,University Ave W & Lexington Pkwy,County - State Aid Highway,Yes,Driver,,,,Female,St. Paul,55105,,,,"{'latitude': '44.955656', 'longitude': '-93.14655'}",1,9,7,41,Female,St. Paul,55104,Yes,Possible Injury,No,,,,,71,
403,Pedestrian,Yes,2016-11-17T19:29:00.000,16-236935,Central District,Cesar Chavez St & State Street,Municipal Aid Street,Yes,Driver,,,,Male,Roseville,55113,,,,"{'latitude': '44.92975035', 'longitude': '-93.07788957'}",1,7,5,17,Male,St. Paul,55107,Yes,Suspected Serious Injury,Yes,3,Yes,30,Vehicle was EB on Cesar Chavez at State Street.  Vehicle struck pedestrian.  Driver was found to be intoxicated.,49,
404,Bike,Yes,2016-09-09T19:42:00.000,16-183743,Transit,University Ave W & Franklin,County - State Aid Highway,No,None,Unknown,Unknown,Unknown,Unknown,Unknown,Unknown,Yes,Suspected Minor Injury,No,"{'latitude': '44.964615', 'longitude': '-93.199467'}",1,1,4,,,,,,,,5,Yes,30,,,
405,Bike,Yes,2017-09-20T20:32:00.000,17-223042,Western District,Cleveland Ave N & Marshall St,County - State Aid Highway,No,None,Male,Minneapolis,55406,Male,St. Paul,55103,Yes,Suspected Minor Injury,No,"{'latitude': '44.94845449', 'longitude': '-93.18748788'}",1,17,4,,,,,,,,2,Yes,30,"Bike was SB on W sidewalk with no brakes and no lights.  Vehicle SB Cleveland, making right turn to WB Marshall.  Bike drove into right front of vehicle.  No citations issued.",57,28
406,Pedestrian,Yes,2016-10-27T18:18:00.000,16-221580,Eastern District,3rd St E & Kennard St,Municipal Aid Street,No,None,,,,Female,Apple Valley,55124,,,,"{'latitude': '44.956606', 'longitude': '-93.03094'}",1,16,2,23,Male,St. Paul,55106,Yes,Suspected Minor Injury,No,2,No,30,"pedestrian was crossing the street, mid block, after stepping out from between 2 parked cars and was struck by vehicle.",31,
407,Pedestrian,Yes,2016-02-21T01:04:00.000,16-033493,Western District,Selby Ave & Snelling Ave N,,Yes,Driver,,,,Male,St. Paul,55105,,,,"{'latitude': '44.9465863', 'longitude': '-93.1671293'}",1,17,4,,Unknown,Unknown,Unknown,Unknown,Unknown,No,,,,,26,
408,Pedestrian,Yes,2017-05-15T17:17:00.000,17-108912,Western District,University Ave W & Syndicate St,City,Yes,Driver,,,,Female,St. Paul,55105,,,,"{'latitude': '44.95554165', 'longitude': '-93.15430656'}",1,17,7,54,Male,St. Paul,55104,Yes,Possible Injury,No,2,Stop Sign,30,"Vehicle was NB on Syndicate approaching University (stop sign).  Pedestrians (who are legally blind) were crossing WB in marked crosswalk on south side of University.  Vehicle struck pedestrians while making a right turn and looking left.  Minor injury to knee.  No citation issued at time of response, but referred to investigations.  UPDATE: On 05-22-2017, I cited (# 620904094146) driver for Failure to Yield to a Pedestrian, Failure to Drive with Due Care, No Valid MN DL, and No Proof of Insurance.",60,
409,Pedestrian,Yes,2018-01-28T15:11:00.000,18-019385,Western District,University Ave W & Pascal St,County - State Aid Highway,No,None,,,,Unknown,Unknown,Unknown,,,,"{'latitude': '44.955612', 'longitude': '-93.161903'}",1,17,7,,Unknown,Unknown,Unknown,Yes,FATAL,Yes,4,Yes,30,Pedestrian was struck by Light Rail Train.  MTC Police handling the crash.  No further information.  Pedestrain was killed.,,