,crash_type,report_made,date_time,case_number,district,location,road_type,ticket_arrest,citation_to,biker_gender,biker_city_of_residence,biker_zip_code,driver_gender,driver_city_res,driver_zip_code,injury_to_biker,level_of_injury_to_biker,biker_to_hospital,location_1,count,:@computed_region_jitf_9zyt,:@computed_region_dysk_fpxp,ped_age,ped_gender,ped_city_res,ped_zip_code,injury_to_pedestrian,level_of_injury_to_ped,pedestrian_to_hospital,lanes_of_traffic,signal_present,speed_limit,synopsis,driver_age,biker_age
410,Bike,No,2016-05-10T12:28:00.000,16-090665,Central District,Rice St  & Atwater St,County - State Aid Highway,No,None,Unknown,Unknown,Unknown,Male,Columbia Heights,55421,No,None,No,"{'latitude': '44.966614', 'longitude': '-93.105939'}",1,3,7,,,,,,,,,,,,54,
411,Pedestrian,Yes,2017-04-28T16:09:00.000,17-093679,Central District,Rice St & Maryland Ave W,County - State Aid Highway,Driver,Driver,,,,Male,St. Paul,55101,,,,"{'latitude': '44.97744549', 'longitude': '-93.10592247'}",1,3,3,48,Female,St. Paul,55117,Yes,Suspected Minor Injury,Yes,5,Yes,30,School bus was WB Maryland making a left turn onto SB Rice Street.  Pedestrian was crossing WB in the S x-walk and was struck.  Witnesses confirmed the pedestrian was walking with right of way.  Pedestrian transported to hospital by medics.  Driver of bus was cited for failure to yield to a pedestrian in the crosswalk.  (SRTS),51,
412,Pedestrian,Yes,2016-01-28T07:08:00.000,16-017702,Central District,Humboldt Ave & Robie St,,No,,,,,Male,West St. Paul,55118,,,,"{'latitude': '44.93015103', 'longitude': '-93.08524667'}",1,7,5,14,Female,St. Paul,55107,Yes,Suspected Minor Injury,Yes,,,,,55,
413,Bike,Yes,2017-06-17T13:16:00.000,17-138451,Central District,Woodbridge & Arlington Ave W,City,No,None,Male,Roseville,55113,Unknown,Unknown,Unknown,Yes,Suspected Minor Injury,Yes,"{'latitude': '44.98460777', 'longitude': '-93.10816412'}",1,3,3,,,,,,,,4,No,30,"Bike and Vehicle were EB Larpenteur.  Driver left roadway and entered bike lane, striking the biker.  Driver then fled.  Investigation continues, police have identified a suspect.",,27
414,Ped2,,2017-04-17T16:00:03.000,17-084045,,,,,,,,,,,,,,,,1,,,30,Male,St. Paul,55104,Yes,Possible Injury,No,,,,ped 4 of 4,,
415,Pedestrian,No,2016-04-23T22:08:00.000,16-078156,Western District,Pascal St N & University Av W,,No,None,,,,Unknown,Unknown,Unknown,,,,"{'latitude': '44.955612', 'longitude': '-93.161903'}",1,17,7,,Unknown,Unknown,Unknown,No,None,No,,,,,,
416,Bike,Yes,2017-10-12T19:13:00.000,17-241368,Western District,Hamline Ave S & St. Clair Ave,Municipal State Aid,Yes,Driver,Male,St. Paul,55105,Male,St. Paul,55116,Yes,Possible Injury,No,"{'latitude': '44.93420376', 'longitude': '-93.15694129'}",1,5,6,,,,,,,,2,Yes,30,"Driver was EB St Clair, making right turn on red to SB Hamline.  Biker was NB on W sidewalk and had right of way.  Driver struck biker.",49,11
417,Pedestrian,Yes,2016-12-22T18:18:00.000,16-261356,Western District,Lafond Ave & Milton St,City Street,No,None,,,,Unknown,Unknown,Unknown,,,,"{'latitude': '44.96017757', 'longitude': '-93.13967019'}",1,10,7,15,Female,St. Paul,55104,Yes,Suspected Minor Injury,Yes,2,No,30,"Pedestrian and witness were walking in the roadway eastbound on Lafond Ave. A vehicle was traveling westbound on the same street and lost control, striking the pedestrian. The vehicle fled the scene.",,
418,Pedestrian,Yes,2017-12-09T12:53:00.000,17-283536,Eastern District,Arcade St & York St E,State - Trunk Highway,No,None,,,,Male,St. Paul,55106,,,,"{'latitude': '44.96838744', 'longitude': '-93.06601957'}",1,13,1,14,Male,St. Paul,55106,Yes,Suspected Serious Injury,Yes,4,No,30,"Vehicle was SB on Arcade and struck a pedestrian near York.  Driver states that pedestrian was not in crosswalk.  Pedestrian unable to give statement.  Investigation continues, possible surveillance video.",19,
419,Bike,Yes,2016-07-20T12:45:00.000,16-144777,Western District,Lexington Pkwy N & St Anthony,County - State Aid Highway,Yes,Driver,Male,Minneapolis,55405,Female,Apple Valley,55124,Yes,Suspected Minor Injury,Yes,"{'latitude': '44.951615', 'longitude': '-93.146753'}",1,17,7,,,,,,,,4,Yes,30,,25,54
420,Pedestrian,Yes,2018-05-29T22:05:00.000,18-115147,Central District,Milton St S & Juno Ave,City,No,None,,,,Unknown,Unknown,Unknown,,,,"{'latitude': '44.92593088', 'longitude': '-93.1388879'}",1,11,5,42,Female,Minneapolis,55411,Yes,Possible Injury,Yes,2,Stop Sign,30,Pedestrian was legally crossing in unmarked crosswalk.  Driver turned and struck pedestrian.  Driver fled.  Limited suspect information.,,
421,Bike,Yes,2017-08-01T07:34:00.000,17-178654,Central District,Arundel St & Maryland,County - State Aid Highway,Yes,Driver,Male,St. Paul,55117,Male,St. Paul,55130,Yes,Suspected Minor Injury,Yes,"{'latitude': '44.97743287', 'longitude': '-93.11875463'}",1,3,3,,,,,,,,2,Stop Sign,30,"Driver NB Arundel, making right to EB Maryland.  Biker WB on S sidewalk /x-walk crossing Arundel.  Driver said he accidentally hit gas instead of brake, striking biker.  Driver cited.",21,42
422,Pedestrian,Yes,2016-04-21T13:14:00.000,16-076282,Western District,Summit Ave & Oxford St,,Yes,Driver,,,,Female,St. Paul,55104,,,,"{'latitude': '44.941388', 'longitude': '-93.144064'}",1,8,5,23,Female,St. Paul,55104,Yes,Suspected Minor Injury,Yes,,,,,70,
423,Bike,Yes,2017-07-03T18:24:00.000,17-152610,Western District,Lexington Pkwy & Concrordia,County - State Aid,Yes,Driver,Male,"Chicago, IL",60620,Male,St. Paul,55103,Yes,Suspected Minor Injury,Yes,"{'latitude': '44.95122921', 'longitude': '-93.14684875'}",1,17,7,,,,,,,,4,Yes,30,Driver made left turn on red light. Biker had a green light and  was struck by vehicle.  Independent witness confirmed violation.  Driver cited.,73,19
424,Pedestrian,Yes,2017-01-25T16:44:00.000,17-017891,Central District,5th Street E & Robert St N,Munincipal State Aid,Yes,Driver,,,,Male,"Somerset, WI",54025,,,,"{'latitude': '44.94739165', 'longitude': '-93.09084152'}",1,12,5,18,Female,St. Paul,55117,Yes,Possible Injury,No,5,Yes,30,"Driver was going eastbound on 5th St. driver turned right onto Robert St from 5th ST and struck the pedestrian. pedestrian
had swelling to their foot and leg. no damage to pickup. driver stated he did not know if he had struck pedestrian. Driver
stated he came back to the scene because people in the crosswalk were yelling at him.",47,
425,Pedestrian,Yes,2016-10-06T13:13:00.000,16-205020,Western District,Lexington Pkwy N & Concordia,County - State Aid Highway,No,None,,,,Male,Falcon Heights,55113,,,,"{'latitude': '44.95114068', 'longitude': '-93.14694244'}",1,17,7,40,Male,St. Paul,55106,Yes,Possible Injury,No,7,Yes,30,,58,
426,Pedestrian,Yes,2016-08-18T15:36:00.000,16-166934,Western District,Dale St N & University Ave W,County - State Aid Highway,No,None,,,,Male,St. Paul,55106,,,,"{'latitude': '44.955649', 'longitude': '-93.126216'}",1,9,7,17,Female,St. Paul,55104,Yes,Possible Injury,No,6,Yes,30,,23,
427,Pedestrian,Yes,2018-05-18T17:45:00.000,18-105349,Central District,Pleasant Ave & Tuscarora Ave W,City,Yes,Driver,,,,Male,St. Paul,55102,,,,"{'latitude': '44.92304176', 'longitude': '-93.14444931'}",1,11,5,39,Male,Ferndale (WA),98248,No,None,No,2,No,30,Driver backed out of a driveway and into 2 pedestrians who were standing there.  Driver cited for failure to drive with due care.,67,
428,Pedestrian,Yes,2017-02-24T19:53:00.000,17-040887,Eastern District,Earl St & Hudson,Munincipal State Aid,No,None,,,,Male,St. Paul,55106,,,,"{'latitude': '44.95225318', 'longitude': '-93.05579081'}",1,15,2,68,Male,St. Paul,55106,Yes,Possible Injury,Yes,2,No,30,Vehicle was WB Hudson at Earl.  Intoxicated pedestrian was walking in the middle of the street.  Vehicle struck pedestrian.,33,
429,Pedestrian,Yes,2017-09-15T10:12:00.000,17-218522,Western District,University Ave W & Snelling Ave N,County - State Aid Highway,No,None,,,,Male,Unknown,Unknown,,,,"{'latitude': '44.95566207', 'longitude': '-93.16704028'}",1,17,4,19,Female,Forest Lake,55025,No,None,No,5,Yes,30,Pedestrian crossing SB in E x-walk on green with walk light.  Vehicle SB making left turn to EB University struck ped and fled scene.,45,
430,Bike2,,2016-05-22T17:26:00.000,16-100189,,,,,,Male,St. Paul,55106,,,,Yes,Suspected Serious Injury,Yes,,1,,,,,,,,,,,,,,,11
431,Pedestrian,Yes,2016-08-03T13:49:00.000,16-154821,Central District,Smith St N & Chestnut St,Alley,No,None,,,,Female,Rosemount,55068,,,,"{'latitude': '44.944212', 'longitude': '-93.105335'}",1,11,5,68,Male,St. Paul,55101,Yes,Possible Injury,Yes,1,No,10,,50,
432,Pedestrian,Yes,2018-03-20T16:40:00.000,18-057413,Eastern District,Arkwright St & Cayuga,Municiapl State Aid,No,None,,,,Female,Rosemount,55068,,,,"{'latitude': '44.96573379', 'longitude': '-93.08428122'}",1,13,3,14,Male,Woodbury,55125,Yes,Suspected Minor Injury,No,4,Yes,30,Driver was SB Arkwright to EB Cayuga.  Pedestrian was crossing in the crosswalk.,42,
433,Pedestrian,Yes,2018-08-03T21:16:00.000,18-173988,Central District,Rice St & Pennsylvania,County - State Aid Highway,Yes,Driver,,,,Male,St. Paul,55106,,,,"{'latitude': '44.9604109', 'longitude': '-93.10605215'}",1,10,7,34,Male,St. Paul,55102,Yes,Suspected Minor Injury,No,4,Yes,30,Driver was WB Pennsylvania making a left to SB Rice.  Peds were crossing in marked crosswalk.  Driver cited for FTY Ped.,48,
434,Pedesrian,Yes,2017-11-20T19:47:00.000,17-270274,Eastern District,Minnehaha Ave E & Arcade St,State - Trunk Highway,No,None,,,,Unknown,Unknown,Unknown,,,,"{'latitude': '44.96305522', 'longitude': '-93.06604123'}",1,15,1,11,Male,St. Paul,55106,Yes,Suspected Minor Injury,No,4,Yes,30,"11 y/o Pedestrian was crossing NB arcade in W x-walk with walk sign and green light.  Vehicle was SB Arcade, making right turn onto WB Minnehaha and struck pedestrian.  Vehicle fled.  Limited suspect info.",,
435,Bike,Yes,2016-08-22T07:36:00.000,16-168622,Western District,Kent St & Summit,Municipal Aid Street,Yes,Driver,Male,St. Paul,55104,Male,St. Paul,55108,Yes,Suspected Minor Injury,Yes,"{'latitude': '44.94132', 'longitude': '-93.123656'}",1,8,5,,,,,,,,2,No,30,,31,47
436,Pedestrian,Yes,2017-07-21T15:13:00.000,17-169481,Western District,Dale St N & Topping,County - State Aid Highway,Yes,Driver,,,,Female,Columbia Heights,55421,,,,"{'latitude': '44.96741682', 'longitude': '-93.12605816'}",1,3,7,15,Male,St. Paul,55104,Yes,Suspected Minor Injury,No,4,No,30,"Pedestrian crossing Topping SB on E side of  Dale, in crosswalk.  Driver struck pedestrian.",25,
437,Pedestrian,Yes,2017-05-12T18:38:00.000,17-106239,Eastern District,Burns Ave & White Bear Ave,Municipal State Aid,No,None,,,,Male,Oakdale,55128,,,,"{'latitude': '44.94870502', 'longitude': '-93.0278618'}",1,16,2,31,Male,St. Paul,55106,Yes,Suspected Serious Injury,Yes,4,No,30,"Vehicle was EB Burns in right lane, approaching White Bear Ave.  Pedestrians 1 & 2 darted/were running SB across burns, not in crosswalk.  Driver did not see the pedestrians and was unable to stop.  Pedestrians were transported to the hospital with severe injuries, but are expected to survive.  SPPD Crash Reconstruction Officer processed the scene.",26,
438,Bike,Yes,2016-08-15T14:00:00.000,16-163682,Western District,Snelling Ave S & St. Clair Av,State - Trunk Highway,Yes,Driver,Male,St. Paul,55105,Male,St. Paul,55105,Yes,Suspected Minor Injury,No,"{'latitude': '44.934254', 'longitude': '-93.167026'}",1,5,6,,,,,,,,5,Yes,30,,47,15
439,Pedestrian,No,2016-06-25T23:18:00.000,16-127547,Western District,Western Ave N & VanBuren,City Street,No,None,,,,Unknown,Unknown,Unknown,,,,"{'latitude': '44.962065', 'longitude': '-93.116132'}",1,10,7,,Unknown,Unknown,Unknown,Yes,Unknown,Unknown,,,,,,
440,Pedestrian,Yes,2018-04-14T20:34:00.000,18-079354,Eastern District,Maryland Ave E & Duluth St,Private,No,None,,,,Unknown,Unknown,Unknown,,,,"{'latitude': '44.97765721', 'longitude': '-93.05075167'}",1,13,1,63,Female,Minneapolis,55409,Yes,Suspected Minor Injury,Yes,3,No,10,Pedestrian was in the driveway of 1171 Maryland Ave E when struck by a vehicle.  The vehicle did not stop and fled prior to police arriving.,,
441,Pedestrian,Yes,2016-09-26T16:26:00.000,16-196856,Western District,Cretin Ave S & Summit Ave,Municipal Aid Street,Yes,Driver,,,,Female,St. Paul,55105,,,,"{'latitude': '44.941335', 'longitude': '-93.192453'}",1,5,4,25,Male,Burnsville,55337,Yes,Suspected Minor Injury,No,4,Yes,30,,36,
442,Pedestrian,Yes,2016-11-11T13:27:00.000,16-232302,Western District,Grand Ave & Victoria St,Municipal Aid Street,Yes,Driver,,,,Female,Mounds View,55112,,,,"{'latitude': '44.939959', 'longitude': '-93.13642'}",1,8,5,76,Female,Hastings,55033,Yes,Possible Injury,Yes,2,Yes,30,"Driver SB Victoria, making right to WB Grand on green light.  Ped was crossing SB in marked crosswalk with green and walk sign.  Driver cited for fail to yield, NPI and DAR.",56,
443,Bike,Yes,2018-08-16T15:36:00.000,18-185684,Eastern District,Mendota & York,City,No,None,Male,St. Paul,55106,Female,St. Paul,55106,No,None,No,"{'latitude': '44.96855952', 'longitude': '-93.06363089'}",1,13,1,,,,,,,,2,Stop Sign,30,"Veh 1 was a 7 year old on a bicycle who was Southbound on Mendota riding on the sidewalk, as he approached the intersection of York/ Mendota he did not stop at the end of the sidewalk and rode into the traffic lane striking the rear quarter panel of Veh 2. Veh 2 was driving East on York passing through the intersection and was struck by the bicycle. Veh 2 did not have a stop sign and was not speeding.",50,7
444,Bike,No,2017-05-22T15:39:00.000,17-114697,Western District,University Ave W & Griggs,County - State Aid Highway,No,None,Female,Roseville,55113,Male,Roseville,55113,Yes,Possible Injury,Yes,"{'latitude': '44.955649', 'longitude': '-93.151723'}",1,17,7,,,,,,,,4,Stop Sign,30,Bike was riding on sidewalk and crossing Griggs. Vehicle made right turn and struck bike.  Minor injury.,43,26
445,Pedestrian,Yes,2016-05-18T16:40:00.000,16-097063,Western District,Lexington Pkwy & St. Clair,County - State Aid Highway,No,None,,,,Unknown,Unknown,Unknown,,,,"{'latitude': '44.934173', 'longitude': '-93.146575'}",1,8,5,62,Female,St. Paul,55116,Yes,Suspected Minor Injury,No,,,,,,
446,Pedestrian,Yes,2018-06-20T15:31:00.000,18-134159,Central District,Jackson St & Rose,County - State Aid Highway,No,None,,,,Female,Unknown,Unknown,,,,"{'latitude': '44.9764604', 'longitude': '-93.09645776'}",1,3,3,25,Female,St. Paul,55117,No,None,No,2,No,30,"Driver was NB on Jackson.  Pedestrian was crossing jackson in crosswalk at Rose after exiting a city bus.  The driver backed up in traffic, strking the pedestrian and then fleeing the scene.  Good suspect information, including plate.",,
447,Pedestrian,Yes,2017-04-12T19:21:00.000,17-080214,Western District,Dayton Ave & Cretin St,Municipal State Aid,Yes,Driver,,,,Male,Edina,565439,,,,"{'latitude': '44.94737911', 'longitude': '-93.19249951'}",1,17,4,21,Female,St. Paul,55105,Yes,Possible Injury,No,4,No,30,"Vehicle was WB Dayton, making left turn to SB Cretin.  Ped was crossing Cretin in S x-walk.  Driver said they did not see the pedestrian because they were watching for traffic.  Driver cited for failure to yield to pedestrian in a crosswalk.",62,
448,Pedestrian,Yes,2017-03-17T16:45:00.000,17-057846,Central District,7th St W & Chestnut St,State - Trunk Highway,Yes,Pedestrian,,,,Male,St. Paul,55102,,,,"{'latitude': '44.94131', 'longitude': '-93.106761'}",1,11,5,38,Male,St. Paul,55102,No,None,No,4,Yes,30,Pedestrian walked into traffic against the red signal and struck vehicle causing damage.  No injuries.,27,
449,Pedestrian,Yes,2017-06-22T09:53:00.000,17-142193,Western District,"Juliet Ave & S Wheeler St,",City,No,None,,,,Male,Andover,55304,,,,"{'latitude': '44.92924615', 'longitude': '-93.17453915'}",1,5,6,54,Male,Cannon Falls,55009,Yes,Suspected Minor Injury,Yes,1,No,10,Garbage truck was picking up in alley.  Passenger got out and driver started going forward.  Pedestrian was run over by truck and arm pinned under wheel.  Driver was not sure how the crash happened.,45,
450,Pedestrian,Yes,2016-05-17T16:19:00.000,16-096238,Central District,Park St & Maryland Ave,County - State Aid Highway,No,None,,,,Unknown,Unknown,Unknown,,,,"{'latitude': '44.977386', 'longitude': '-93.103715'}",1,3,3,2,Male,St. Paul,55117,No,None,No,,,,,,
451,Pedestrian,Yes,2017-10-06T17:11:00.000,17-236520,Central District,5 St E & Wall St,Municipal State Aid,Yes,Driver,,,,Female,St. Paul,55119,,,,"{'latitude': '44.94979794', 'longitude': '-93.08589133'}",1,12,5,39,Male,St. Paul,55101,Yes,Suspected Minor Injury,No,2,Yes,30,Vehicle was EB 5th Street making left to NB Wall.  Ped was EB in N x-walk and was struck.  Driver failed to yield to ped.,51,
452,Pedestrian,Yes,2016-01-20T19:22:40.000,16-012845,Central District,Rice St & Geranium,,Yes,Driver,,,,Female,St. Paul,55117,,,,"{'latitude': '44.97562629', 'longitude': '-93.10565829'}",1,3,3,52,Female,St. Paul,55117,Yes,Suspected Minor Injury,Yes,,,,,53,
453,Pedestrian,Yes,2016-10-17T21:58:00.000,16-045927,Transit,3rd St & Germain St,Municipal Aid Street,No,None,,,,Female,St. Paul,55130,,,,"{'latitude': '44.9568002', 'longitude': '-93.0330386'}",1,16,2,28,Male,St. Paul,55106,Yes,Suspected Minor Injury,Yes,2,No,30,Ped was illegally crossing street.  Bus' right rear mirror struck the ped.,62,
454,Bike,Yes,2018-06-20T16:45:00.000,18-134249,Eastern District,Arlington Ave E & White Bear Ave,County - State Aid Highway,No,None,Male,St. Paul,55106,Male,St. Paul,55119,Yes,Suspected Minor Injury,No,"{'latitude': '44.98472289', 'longitude': '-93.02522119'}",1,14,1,,,,,,,,2,Yes,30,"Driver was driving EB on E Arlington Ave. Driver had the green light to cross White Bear Ave. While driver was crossing the intersection, biker ignored the pedestrian light and rode his bicycle in the crosswalk heading SB on White Bear Ave crossing Arlington Ave. Driver tried to miss biker but his front bumper hit the rear tire of biker.  The bicyclist fell to the ground and received scratch marks on his left knee and left lower leg. The bicyclist and his mother declined medics. Minor injury. No citations issued.",21,14
455,Bike,Yes,2017-08-11T16:18:00.000,17-188231,Western District,Concordia Ave & Lexington Pkwy,County - State Aid Highway,Yes,Driver,Mal,St. Paul,55104,Fe,St. Paul,55104,No,None,No,"{'latitude': '44.95116259', 'longitude': '-93.14679491'}",1,17,7,,,,,,,,3,Yes,30,"Driver EB Concordia, making right to SB Lexington.  Biker NB in W x-walk.  Driver said she did not see the biker.  Driver cited.",41,15
456,Pedestrian,No,2016-03-17T20:10:00.000,16-051958,Western District,Dale St N & University Ave W,,No,None,,,,Unknown,Unknown,Unknown,,,,"{'latitude': '44.955649', 'longitude': '-93.126216'}",1,9,7,,Unknown,Unknown,Unknown,Unknown,Unknown,Unknown,,,,,,
457,Pedestrian,Yes,2018-02-01T18:20:00.000,18-022623,Eastern District,Arcade St & Maryland Ave,State - Trunk Highway,No,None,,,,Male,St. Paul,55117,,,,"{'latitude': '44.97752318', 'longitude': '-93.06600657'}",1,13,1,26,Male,St. Paul,55102,Yes,Possible Injury,No,4,Yes,30,Vehicle was SB Arcade near Maryland when pedestrian illegally entered roadway and was struck.  Witnesses confirmed that pedestrian shouldn't have entered roadway.,33,
458,Pedestrian,Yes,2017-06-07T16:45:00.000,17-129979,Central District,Robert & Kellogg,State - Trunk Highway,No,None,,,,Female,St. Paul,55106,,,,"{'latitude': '44.94564874', 'longitude': '-93.08917526'}",1,12,5,67,Female,St. Paul,55116,Yes,Suspected Minor Injury,Yes,6,No,30,Driver struck pedestrian while making a right turn on green light.  Witness stated pedestrian was crossing against the signal.  No citations issued due to conflicting stories.,30,
459,Pedestrian,Yes,2016-06-08T14:31:00.000,16-113689,Western District,Como Ave & Eustis St,Municipal Aid Street,Yes,Driver,,,,Male,Minneapolis,55408,,,,"{'latitude': '44.987532', 'longitude': '-93.203457'}",1,1,4,78,Female,Shoreview,55126,Yes,Suspected Minor Injury,Yes,,,,,45,
460,Pedestrian,Yes,2017-12-15T21:10:00.000,17-288098,Western District,Cretin Ave & Marshall,County - State Aid Highway,No,None,,,,Female,Minneapolis,55410,,,,"{'latitude': '44.94846996', 'longitude': '-93.19250316'}",1,17,4,18,Male,Bloomington,55420,Yes,Suspected Minor Injury,Yes,4,Yes,30,Vehicle was NB Cretin with green light.  Pedestrian ran across without looking and against signal.,25,
461,Pedestrian,Yes,2016-12-08T20:38:00.000,16-251926,Central District,7th Street W & I35E Freeway Ramp,State - Trunk Highway,No,None,,,,Male,West St. Paul,55118,,,,"{'latitude': '44.91640491', 'longitude': '-93.14338413'}",1,11,5,57,Male,St. Paul,55102,Yes,Possible Injury,Yes,3,Yes,30,The driver of Unit #1 was waiting to turn east onto 7th St from northbound 35E. While waiting for passing traffic he saw an opening and attempted to turn east onto 7th St. At the same time a pedestrian walked out into  the crosswalk and collided with Unit #1's vehicle as it was about to turn. No serious injury to the pedestrian. No damage to the vehicle.,44,
462,Bike,No,2016-11-10T16:04:00.000,16-231693,Western District,Lexington Pkwy N & University Ave W,County - State Aid Highway,No,None,Unknown,Unknown,Unknown,Unknown,Unknown,Unknown,No,None,No,"{'latitude': '44.955656', 'longitude': '-93.14655'}",1,9,7,,,,,,,,5,No,30,"Unknown, no report.  Per complainant, very minor damage, bike hit mirror of car.",,
463,Bike,Yes,2016-09-15T15:05:00.000,16-188440,Western District,Snelling & Shields,City Street,No,None,Male,Minneapolis,55407,Female,"Hudson, WI",54016,No,None,No,"{'latitude': '44.954045', 'longitude': '-93.1669'}",1,17,7,,,,,,,,2,No,30,,61,58
464,Pedestrian,Yes,2017-11-12T19:21:00.000,17-264325,Western District,Cretin Ave N & Carroll Ave,Municipal State Aid,No,None,,,,Male,Hopkins,55343,,,,"{'latitude': '44.95076533', 'longitude': '-93.19250748'}",1,17,4,14,Male,Minneapolis,55401,Yes,Suspected Serious Injury,Yes,4,No,35,"Driver was SB Cretin and struck pedestrian S of Cretin.  No signs of impairment, consensual blood draw conducted.  Crash Investigation is on-going.",52,
465,Bike,Yes,2017-07-12T21:38:00.000,17-161521,Central District,Hatch & Lexington,City,No,None,Male,St. Paul,55103,Male,St. Paul,55103,Yes,Possible Injury,Yes,"{'latitude': '44.97119789', 'longitude': '-93.1458998'}",1,2,3,,,,,,,,2,No,30,Juvenile male on bike crossing street midblock was struck by driver who was EB Hatch.,60,8
466,Pedestrian,Yes,2017-04-24T11:54:00.000,17-089938,Western District,Snelling Ave N & Minnehaha Ave W,State - Trunk Highway,Driver,Driver,,,,Female,St. Paul,55108,,,,"{'latitude': '44.96283181', 'longitude': '-93.16703424'}",1,4,4,64,Female,St. Paul,55104,No,None,No,4,Yes,30,"Vehicle was WB on Minnehaha stopped for red light.  Pedestrian was crossing in marked Xwalk SB on E side of Snelling.  Driver let foot of brake to inch forward and pushed on gas pedal, striking the pedestrian as she was crossing the street.  Pedestrian fell to ground and bumped head.  No injury to pedestrian.  Driver cited for failure to yield to a pedestrian.",68,
467,Bike,Yes,2017-07-27T19:03:00.000,17-174829,Central District,Como Ave & Western Ave N,County - State Aid Highway,Yes,Driver,Male,St. Paul,55337,Female,St. Paul,55106,Yes,Suspected Minor Injury,Yes,"{'latitude': '44.96306182', 'longitude': '-93.11348804'}",1,10,7,,,,,,,,3,No,30,"Driver NW on Como, making a left to WB Minnehaha.  Biker SE on Como.  Driver said the sun was in her eyes and she did not see the biker.",64,55
468,Pedestrian,Yes,2018-01-12T08:40:00.000,18-007705,Central District,John Ireland Blvd & Kellogg,Municiapl State Aid,No,None,,,,Male,West St. Paul,55118,,,,"{'latitude': '44.94878381', 'longitude': '-93.10706378'}",1,12,5,34,Male,St. Paul,55117,Yes,Suspected Minor Injury,Yes,4,Yes,30,"Pedestrian was struck by a vehicle.  Driver, pedestrian and witnesses all gave conflicting stories of what happened.",28,
469,Bike,Yes,2018-07-28T11:51:00.000,18-168250,Western District,Marshall Ave & Finn st,County - State Aid Highway,Yes,Driver,Female,St. Paul,55104,Male,St. Paul,55104,No,None,No,"{'latitude': '44.94830953', 'longitude': '-93.18978289'}",1,17,4,,,,,,,,3,Yes,30,#2 was EB on Marshall in the designated bike lane crossing Finn. #1 who was EB Marshall in the drive lane turned SB onto Finn in front of #2 causing #2 to ride into #1,78,56
470,Pedestrian,Yes,2017-02-13T09:49:00.000,17-031779,Central District,Kellogg Bd E & Minnesota St,Munincipal State Aid,No,None,,,,Unknown,Unknown,Unknown,,,,"{'latitude': '44.94513772', 'longitude': '-93.09019803'}",1,12,5,64,Male,St. Paul,55130,Yes,Possible Injury,No,6,No,30,Upon arrival we met with the pedestrian who said he was standing behind his vehicle that was legally parked on the south side of Kellogg Blvd just East of Minnesota Street. He said he was fixing an antenna on his car when he said he got hit by Unit 1. The pedestrian said the driver of unit 1 parked their vehicle and left the scene. The driver of Unit 1 came back to the scene on foot to get unit 1 then left.,,
471,Pedestrian,Yes,2017-03-28T21:57:00.000,17-067271,Central District,7th St W & St. Joseph's Lane,State - Trunk Highway,No,None,,,,Male,Deephaven,55331,,,,"{'latitude': '44.94750811', 'longitude': '-93.0988241'}",1,12,5,54,Male,St. Paul,55102,Yes,Possible Injury,Yes,4,No,30,"Vehicle was pulling out of Assumption Church parking lot.  Vehicle stopped prior to crossing the sidewalk and looked behind and then proceeded forward.  Pedestrian was walking on sidewalk and saw the vehicle stop.  Pedestrian proceeded, assuming the vehicle was stopping for him and would not go.  Driver drove forward and had low speed impact with pedestrian.  Possible injury to pedestrian.",16,
472,Pedestrian,Yes,2017-09-25T16:42:00.000,17-228160,Western District,Central & Dunlap,City,No,None,,,,Unknown,Unknown,Unknown,,,,"{'latitude': '44.95451233', 'longitude': '-93.14929239'}",1,17,7,55,Male,St. Paul,55117,Yes,Possible Injury,No,2,No,30,"Pedestrian was walking across a driveway access when he was bumped by a taxi cab (Blue & White co). Two witnesses observed the incident, and saw as taxi driver drove away without checking on pedestrian. Pedestrian was unsuccessful in getting information from Blue and White Taxi company.",,
473,Pedestrian,Yes,2017-09-13T07:49:00.000,17-216587,Eastern District,7th St E & Van Dyke St,Municipal State Aid,No,None,,,,Unknown,Unknown,Unknown,,,,"{'latitude': '44.96669837', 'longitude': '-93.02156298'}",1,14,2,7,Female,St. Paul,55119,Yes,Suspected Serious Injury,Yes,2,No,30,Pedestrian ran across the street northbound at 1863 E. 7th Street. Vehicle one struck the pedestrian with the left front part of the vehicle while traveling eastbound. The pedestrian went into the air and landed near a parked vehicle facing west on 7th Street.,,
474,Bike,Yes,2016-06-14T15:00:00.000,16-118379,Central District,5th St E & Cedar Street,Municipal Aid Street,No,None,Male,St. Paul,55101,Female,white bear lake,55110,No,None,No,"{'latitude': '44.946264', 'longitude': '-93.093203'}",1,12,5,,,,,,,,,,,,51,34
475,Pedestrian,Yes,2017-12-01T19:45:00.000,17-278944,Central District,7 St W & Kellogg Blvd W,State - Trunk Highway,No,none,,,,Unknown,Unknown,Unknown,,,,"{'latitude': '44.94463683', 'longitude': '-93.10291079'}",1,11,5,25,Male,Minneapolis,55403,Yes,Suspected Minor Injury,Yes,6,Yes,30,Pedestrian ran across the street without obeying traffic laws and was struck by vehicle.  Vehicle did not stop.,,