,crash_type,report_made,date_time,case_number,district,location,road_type,ticket_arrest,citation_to,biker_gender,biker_city_of_residence,biker_zip_code,driver_gender,driver_city_res,driver_zip_code,injury_to_biker,level_of_injury_to_biker,biker_to_hospital,location_1,count,:@computed_region_jitf_9zyt,:@computed_region_dysk_fpxp,ped_age,ped_gender,ped_city_res,ped_zip_code,injury_to_pedestrian,level_of_injury_to_ped,pedestrian_to_hospital,lanes_of_traffic,signal_present,speed_limit,synopsis,driver_age,biker_age
476,Pedestrian,Yes,2017-01-09T07:04:00.000,17-005654,Central District,Rice St & Arlington Ave W,County - State Aid Highway,Yes,Driver,,,,Male,New Brighton,55112,,,,"{'latitude': '44.984586', 'longitude': '-93.105864'}",1,3,3,18,Female,St. Paul,55117,Yes,Possible Injury,Yes,4,Yes,30,"Pedestrian was walking WB in the N crosswalk.  Vehicle was EB, making a left turn to NB Rice and struck pedestrian.  Driver said he was blinded by another vehicle's high beams and unable to see the pedestrian.  Driver cited for Fail to Yield to pedestrian in crosswalk.  ** Note: Victim was walking her younger sister to school (SRTS).",20,
477,Pedestrian,Yes,2017-11-08T19:21:00.000,17-261515,Central District,Robert St N & 10th St E,State - Trunk Highway,No,None,,,,Female,Red Wing,55066,,,,"{'latitude': '44.95133205', 'longitude': '-93.09463124'}",1,12,5,53,Female,Inver Grove Heights,55077,Yes,Possible Injury,No,5,Yes,30,Vehicle 1 was travelling westbound on 10th St and turning to travel southbound onto Robert St. Vehicle 1 struck Pedestrian 1 in crosswalk. Pedestrian 1 was walking eastbound on the south side of Robert St crossing Robert in the marked crosswalk.,51,
478,Pedestrian,Yes,2016-07-14T19:00:00.000,16-141305,Western District,Thomas Ave W & Grotto Street,City Street,No,None,,,,Female,St. Paul,55104,,,,"{'latitude': '44.959344', 'longitude': '-93.131431'}",1,10,7,9,Male,St. Paul,55102,Yes,Suspected Minor Injury,No,2,No,30,,50,
479,Pedestrian,Yes,2016-09-20T15:08:00.000,16-041785,Transit,University Ave W & Lexington Pkwy,County - State Aid Highway,No,None,,,,Male,Minneapolis,55411,,,,"{'latitude': '44.955656', 'longitude': '-93.14655'}",1,9,7,22,Female,St. Paul,55104,Yes,Suspected Minor Injury,Yes,5,Yes,30,,45,
480,Bike,Yes,2018-06-14T07:30:00.000,18-128618,Central District,Grand Ave & Ramsey St,Municiapl State Aid,No,None,Male,St. Paul,55117,Female,Minnetonka,55305,Yes,Suspected Serious Injury,Yes,"{'latitude': '44.94123253', 'longitude': '-93.11609101'}",1,8,5,,,,,,,,3,Yes,30,Driver was WB Ramsey with green light.  Biker entered intersection against red light (confirmed by witness).,37,48
481,Bike,Yes,2017-12-23T15:07:00.000,17-293589,Western District,Randolph Ave & Cleveland Ave,County - State Aid Highway,yes,Driver,Male,St. Paul,55105,Female,Mendota Heights,55118,Yes,Possible Injury,,"{'latitude': '44.92696554', 'longitude': '-93.18736565'}",1,6,6,,,,,,,,2,Yes,30,"Vehicle was WB Randolph, making a left onto SB Cleveland.  Bike was EB Randolph going straight.  Driver turned left and struck biker.  Driver cited.",48,57
482,Bike,Yes,2016-06-01T16:11:00.000,16-108000,Western District,University Ave W & Lexington Pkwy,County - State Aid Highway,No,None,Male,Unknown,Unknown,Male,St. Paul,55102,No,None,No,"{'latitude': '44.95556723', 'longitude': '-93.14808082'}",1,17,7,,,,,,,,,,,,64,25
483,Bike,Yes,2017-07-15T09:13:00.000,17-163799,Eastern District,White Bear Ave N & Suburban,County - State Aid,Yes,Driver,Male,Minneapolis,55401,Female,St. Paul,55119,Yes,Possible Injury,Yes,"{'latitude': '44.949291', 'longitude': '-93.025483'}",1,16,2,,,,,,,,4,Yes,30,"Driver was turning left, SB, onto White Bear from WB Suburban.  Biker was EB in S X-Walk.  Driver struck biker.  Driver cited.",70,46
484,Bike,Yes,2018-05-09T19:38:00.000,18-097637,Western District,Minnehaha Ave W & Griggs St,Municiapl State Aid,No,None,Male,St. Paul,55104,Male,Inver Grove Heights,55077,Yes,Suspected Minor Injury,Yes,"{'latitude': '44.9628017', 'longitude': '-93.15274924'}",1,4,4,,,,,,,,2,No,30,Vehicle was driving EB on Minnehaha.  Bike was EB on Minnehaha.  Driver turned on their signal and began parking on right.  Biker did no see this and drove into the vehicle.,65,23
485,Pedestrian,Yes,2017-08-24T14:37:00.000,17-199486,Central District,Elfelt St & Lafond,City,No,None,,,,Male,St. Paul,55106,,,,"{'latitude': '44.96035794', 'longitude': '-93.11210786'}",1,10,7,11,Male,St. Paul,55103,Yes,Suspected Minor Injury,Yes,2,No,30,Driver WB Lafond to SB Elfelt.  Pedestrian darted into traffic and was struck.,26,
486,Pedestrian,Yes,2016-05-05T07:12:00.000,16-086524,Western District,Maryland Ave W & Dale St N,County - State Aid Highway,No,None,,,,Male,St. Paul,55119,,,,"{'latitude': '44.977362', 'longitude': '-93.126354'}",1,2,3,15,Male,St. Paul,55117,Yes,Suspected Serious Injury,Yes,,,,,50,
487,Pedestrian,Yes,2016-10-13T07:48:00.000,16-210347,Eastern District,Hazel St N & Wilson,City Street,No,None,,,,Unknown,Unknown,Unknown,,,,"{'latitude': '44.95414314', 'longitude': '-93.02025847'}",1,16,2,13,Female,St. Paul,55119,No,None,No,2,No,30,Pedestrian stepped off curb at corner to look for the bus and was brushed by a vehicle.  Vehicle failed to stop and fled the scene.,,
488,Bike,Yes,2016-10-21T17:01:00.000,16-217006,Central District,7th St E & Bates St,State - Trunk Highway,No,None,Male,St. Paul,55106,Unknown,Unknown,Unknown,Yes,Suspected Minor Injury,Yes,"{'latitude': '44.95892253', 'longitude': '-93.07216779'}",1,15,2,,,,,,,,4,No,30,"Bike riding WB on 7th St in EB lanes, wrong direction.  Vehicle EB side swiped biker, causing injury and mirror to break off car.  Vehicle did not stop, H&R.",,51
489,Pedestrian,Yes,2018-01-03T17:15:00.000,18-001676,Eastern District,White Bear Ave N & Hoyt Ave E (1546 White Bear),Private,Yes,Driver,,,,Female,Maplewood,55109,,,,"{'latitude': '44.987909', 'longitude': '-93.024877'}",1,14,1,52,Female,St. Paul,55106,Yes,Suspected Serious Injury,Yes,0,No,10,"Occurred in the parking lot of 1546 White Bear.  Vehicle was stopped so that pedestrian could put groceries into vehicle.  Another vehicle was backing out of a parking spot and struck the pedestrian and the stopped vehicle, pinning the pedestrian between the 2 cars.  Driver cited for failure to drive with due care.",50,
490,Bike,Yes,2018-08-06T17:45:00.000,18-176156,Eastern District,McAfee St & Nebraska,City,No,None,Male,St. Paul,55106,Female,St. Paul,55106,Yes,Suspected Minor Injury,Yes,"{'latitude': '44.98659559', 'longitude': '-93.04440622'}",1,14,1,,,,,,,,2,No,30,"Unit 1 (bicyclist) was westbound Nebraska Ave E following two other bicyclists. Unit 2 was southbound on Mcafee St proceeding into the intersection of Nebraska Ave with the right of way. Unit 2 saw the first two bicyclists and slowed to allow them to pass, but did not see the third (Unit 1) until she had struck him in the rear tire of the bicycle. Unit 1 then came off his bicycle and struck Unit 3 with his head in the rear taillight, breaking the taillight. Unit 1 had only minor injuries, but was transported to Regions for medical evaluation. No citations at this time. See packet writer report for further.",34,9
491,Bike,Yes,2016-07-31T00:14:00.000,16-151964,Central District,Wabasha St N & Kellogg Bd,City Street,No,None,Male,St. Paul,55103,Female,Coon Rapids,55448,Yes,Suspected Minor Injury,Yes,"{'latitude': '44.943921', 'longitude': '-93.092786'}",1,12,5,,,,,,,,5,Yes,30,,21,52
492,Pedestrian,Yes,2016-09-01T17:29:00.000,16-177405,Western District,Dale St N & University Ave W,County - State Aid Highway,No,None,,,,Female,St. Paul,55104,,,,"{'latitude': '44.955649', 'longitude': '-93.126216'}",1,9,7,36,Female,St. Paul,55106,Yes,Suspected Serious Injury,Yes,6,Yes,30,,47,
493,Pedestrian,Yes,2016-06-17T17:04:00.000,16-120705,Western District,1357 Maynard Drive,City Street,No,None,,,,Female,Bloomington,55425,,,,"{'latitude': '44.900016', 'longitude': '-93.169366'}",1,6,6,3,Male,St. Paul,55116,Yes,Suspected Minor Injury,No,,,,,29,
494,Pedestrian,Yes,2017-01-18T06:54:00.000,17-012083,Central District,Smith Ave N & Chestnut Street,Munincipal State Aid,No,None,,,,Male,St. Paul,55106,,,,"{'latitude': '44.9442537', 'longitude': '-93.10516384'}",1,11,5,50,Female,St. Paul,55104,Yes,Suspected Minor Injury,Yes,3,Yes,30,"Vehicle was driving SB on Chestnut, making a left turn onto Smith.  Pedestrian was crossing Smith NB on Chestnut in the E crosswalk.  Light was green, with flashing red don't walk sign.  Driver stated he did not see the pedestrian in the crosswalk.  Pedestrian transported to hospital by ambulance.",77,
495,Bike,Yes,2017-07-02T16:48:00.000,17-151662,Central District,Rice St & Ivy,County - State Aid,No,None,Female,St. Paul,55117,Male,Minneapolis,55411,Yes,Suspected Minor Injury,Yes,"{'latitude': '44.980986', 'longitude': '-93.105893'}",1,3,3,,,,,,,,4,Stop Sign,30,"Driver was WB Ivy, making right turn to SB Rice.  Biker was riding NB on W sidewalk and was struck.  No citations.",21,39
496,Pedestrian,Yes,2018-04-21T22:50:00.000,18-081974,Western District,7 St W & St. Paul Ave,State - Trunk Highway,Yes,Driver,,,,Male,St. Paul,55104,,,,"{'latitude': '44.90414841', 'longitude': '-93.16588225'}",1,6,6,41,Female,Woodbury,55125,Yes,Possible Injury,No,4,No,40,Pedestrian was crossing St. Paul Ave near 7th Street (in a crosswalk).  Driver making left turn struck pedestrian.  Driver cited.,29,
497,Bike,Yes,2017-08-25T17:02:00.000,17-200492,Central District,12th St E & Robert St N,State - Trunk Highway,Yes,Biker,Male,St. Paul,55117,Male,St. Paul,55103,Yes,Suspected Minor Injury,Yes,"{'latitude': '44.95293207', 'longitude': '-93.09619025'}",1,12,5,,,,,,,,5,Yes,30,Driver WB 12th Street at Robert.  Biker NB Robert with red light.  Biker went through red light and was struck by driver.  Biker cited.,63,35
498,Pedestrian,Yes,2016-07-09T22:06:00.000,16-138635,Central District,7th St W & Chestnut St,State - Trunk Highway,Yes,Pedestrian,,,,Male,St. Paul,55113,,,,"{'latitude': '44.943409', 'longitude': '-93.104089'}",1,11,5,49,Male,St. Paul,55106,Yes,Suspected Serious Injury,Yes,4,Yes,30,,25,
499,Pedestrian,Yes,2017-05-03T16:31:00.000,17-097854,Eastern District,Payne Ave & Case,Municipal State Aid,No,None,,,,Female,St. Paul,55106,,,,"{'latitude': '44.97077987', 'longitude': '-93.07353379'}",1,13,1,58,Female,St. Paul,55106,Yes,Suspected Serious Injury,Yes,2,No,30,"Pedestrian and her dog walked EB out of the N alley of Payne & Case.  Video shows her looking both ways, but then walking into traffic and a driver hitting her and the dog.  The female suffered a broken jaw.  The dog was transported by police to the animal hospital and is expected to survive.",26,
500,Bike,Yes,2018-08-05T16:49:00.000,18-175275,Eastern District,Maryland Ave & Johnson Pkwy,County - State Aid Highway,Yes,Driver,Male,St. Paul,55106,Female,St. Paul,55130,Yes,Possible Injury,No,"{'latitude': '44.97763736', 'longitude': '-93.04703018'}",1,13,1,,,,,,,,4,Yes,30,"Driver was WB Maryland, turning right onto NB Johnson.  Biker was in crosswalk and strck by driver.",43,63
501,Pedestrian,Yes,2018-01-19T13:05:00.000,18-012699,Western District,Dale St N & Minnehaha Ave W,County - State Aid Highway,Yes,Driver,,,,Female,St. Paul,55103,,,,"{'latitude': '44.962954', 'longitude': '-93.12639'}",1,10,7,56,Male,St. Paul,55104,Yes,Suspected Minor Injury,No,4,Yes,30,Pedestrian was crossing Minnehaha on NB Dale (W side of street).  Vehicle was SB Dale making right onto WB Minnehaha and struck the pedestrian who was crossing with right of way.  Driver was cited for failure to yield to pedestrian.,43,
502,Ped2,,2018-05-05T16:34:01.000,18-093839,,Jefferson & Edgcumbe Rd,,,,,,,,,,,,,"{'latitude': '44.93042752', 'longitude': '-93.14985363'}",1,5,6,3,Female,St. Paul,55104,Yes,Possible Injury,Yes,,,,2nd pedestrian from this crash,,
503,Pedestrian,Yes,2016-11-14T19:12:00.000,16-234712,Western District,University Ave W & Simpson Street,County - State Aid Highway,Yes,Driver,,,,Male,Prairie Farm,54762,,,,"{'latitude': '44.955739', 'longitude': '-93.163666'}",1,4,4,32,Female,St. Paul,55104,Yes,Suspected Serious Injury,Yes,4,No,30,"vehicle was WB University.  Driver stated his tire blew out and he lost control of vehicle, veering to the right, over the curb, through a fence and into a parking lot.  Driver struck a pedestrian who was on sidewalk and another parked vehicle in the parking lot.",21,
504,Pedestrian,Yes,2018-08-15T19:05:00.000,18-184948,Central District,Rice St & University,County - State Aid Highway,No,None,,,,Unknown,Unknown,Unknown,,,,"{'latitude': '44.95589509', 'longitude': '-93.10600358'}",1,10,7,11,Female,"Chicago, IL",0,No,None,No,4,Yes,30,"Vehicle was WB University, Pedestrian SB Rice with right of way.  Vehicle failed to yield to ped and struck the ped lightly after slamming on brakes.  Driver fled.",,
505,Bike,Yes,2017-06-24T14:25:00.000,17-144376,Eastern District,Minnehaha Ave E & Hazelwood St,State - Trunk Highway,No,None,Male,St. Paul,55119,Unknown,Unknown,Unknown,Yes,Suspected Minor Injury,Yes,"{'latitude': '44.96317932', 'longitude': '-93.03568563'}",1,14,2,,,,,,,,2,No,30,"Police spoke to a witness who stated the juvenile was riding a bicycle northbound Hazelwood and crossed Minnehaha. The witness stated a vehicle struck the juvenile, stopped, and fled the scene. Police later located the vehicle parked and unoccupied. Police towed the vehicle.  Investigation continues.",,14
506,Bike,Yes,2016-09-29T18:05:00.000,16-199296,Western District,Cleveland Ave S & Highland Pkwy,County - State Aid Highway,Yes,Driver,Female,St. Paul,55104,Female,Minneapolis,55406,Yes,Suspected Minor Injury,Yes,"{'latitude': '44.91978294', 'longitude': '-93.18737662'}",1,6,6,,,,,,,,3,No,30,,41,24
507,Pedestrian,Yes,2017-11-28T19:00:00.000,17-275670,Western District,Snelling Ave N & Taylor St,State - Trunk Highway,Yes,Driver,,,,Male,St. Paul,55106,,,,"{'latitude': '44.9676262', 'longitude': '-93.16706158'}",1,4,4,7,Female,Minneapolis,55406,Yes,Suspected Minor Injury,Yes,4,No,30,"Pedestrian was crossing in a marked crosswalk from E to W at Taylor.  Vehicles in left lane stopped, pedestrian started crossing.  Vehicle in right lane failed to yield.",26,
508,Pedestrian,Yes,2017-04-30T12:06:00.000,17-095169,Eastern District,6th St E & Forest St,Municipal State Aid,No,None,,,,Female,St. Paul,55106,,,,"{'latitude': '44.96044319', 'longitude': '-93.06222636'}",1,15,2,7,Male,St. Paul,55106,Yes,Suspected Minor Injury,Yes,2,No,30,Vehicle was driving W/B on 6th St E when 7 y/o pedestrian darted across the street between two vehicles. Vehicle did not have time to stop and struck Pedestrian.,40,
509,Pedestrian,Yes,2016-12-09T18:08:00.000,16-252561,Eastern District,Pedersen St & Old Hudson Rd,Private Parking Lot,No,None,,,,Female,St. Paul,55119,,,,"{'latitude': '44.95244408', 'longitude': '-93.01257499'}",1,16,2,25,Male,St. Paul,55106,Yes,Possible Injury,Yes,Private,No,10,Driver of V#1 was pulling into parking lot at Sun Ray. Pedestrian wearing dark clothing was walking to the bus stop. Driver could not see pedestrian and struck pedestrian. No damage to vehicle and minor leg injury to pedestrian. Pedestrian transported to Regions. No citations issued due to Unknown injuries at the time of the crash.,16,
510,Bike,Yes,2016-07-12T18:30:00.000,16-140106,Western District,2061 Shepard Rd,Private Parking Lot,No,None,Male,St. Paul,55116,Female,St. Paul,55116,Yes,Suspected Minor Injury,Yes,"{'latitude': '44.905183', 'longitude': '-93.154714'}",1,6,6,,,,,,,,Private,No,10,,53,13
511,Pedestrian,Yes,2017-10-03T19:16:00.000,17-234142,Western District,Marshall Ave & Victoria St,Municipal State Aid,Yes,Driver,,,,Male,Maplewood,55119,,,,"{'latitude': '44.94853645', 'longitude': '-93.1364042'}",1,9,7,34,Female,St. Paul,55104,Yes,Possible Injury,No,2,Stop Sign,30,"Driver  EB Marshall, making left to NB Victoria.  Ped was crossing WB in S x-walk.  Driver cited for FTY pedestrian.",63,
512,Pedestrian,Yes,2016-12-06T16:04:00.000,16-250235,Eastern District,Arcade St & Ivy St,State - Trunk Highway,No,None,,,,Female,Mahtomedi,55115,,,,"{'latitude': '44.981131', 'longitude': '-93.065993'}",1,13,1,9,Male,St. Paul,55106,Yes,Suspected Minor Injury,No,4,Yes,30,Vehicle was WB Ivy at approximately 20.  9 y/o ran out into street.,47,
513,Bike,Yes,2016-10-01T12:20:00.000,16-200728,Western District,Arundel St N & University Ave W,City Street,No,None,Male,St. Paul,55103,Female,St. Paul,55103,Yes,Possible Injury,Yes,"{'latitude': '44.95587465', 'longitude': '-93.11874694'}",1,10,7,,,,,,,,2,No,30,,32,79
514,Pedestrian,Yes,2016-01-04T15:13:00.000,16-002201,Western District,2005 University Ave W (Menards),Private Parking Lot,No,,,,,Male,St. Paul,55108,,,,"{'latitude': '44.95879776', 'longitude': '-93.18358245'}",1,4,4,77,Female,St. Paul,55105,No,None,No,,,,,42,
515,Pedestrian,Yes,2016-11-04T17:53:00.000,16-227611,Eastern District,Clarence St & Maryland Ave E,County - State Aid Highway,Yes,Pedestrian,,,,Male,St. Paul,55106,,,,"{'latitude': '44.977542', 'longitude': '-93.04313'}",1,14,1,39,Male,Columbia Heights,55421,Yes,Possible Injury,Yes,5,Yes,30,Pedestrian darted across Maryland against the signal and was struck by vehicle.  Pedestrian cited for violation.,27,
516,Pedestrian,Yes,2017-08-08T16:27:00.000,17-185424,Central District,Robert St S & Fillmore Ave,Municipal State Aid,No,None,,,,Female,Minneapolis,55417,,,,"{'latitude': '44.94130746', 'longitude': '-93.0851107'}",1,7,5,60,Female,St. Paul,55119,No,None,No,3,Yes,30,"Driver making a right turn on red light, looking left.  Pedestrian walking SB on E side of Robert in crosswalk (entered on do not walk).  No injuries.",34,
517,Bike,Yes,2017-06-09T23:55:00.000,17-132465,Central District,Rice & Lyton,County - State Aid Highway,No,None,Female,Minneapolis,55421,Unknown,Unknown,Unknown,Yes,Possible Injury,Yes,"{'latitude': '44.96555566', 'longitude': '-93.10593414'}",1,3,7,,,,,,,,4,No,30,Biker was riding NB on Rice Street near Lyton when struck by an unknown vehicle.  Vehicle fled.,,24
518,Bike,Yes,2017-06-05T16:00:00.000,17-127912,Central District,Rice & Ivy,County - State Aid Highway,No,None,Male,St. Paul,55117,Female,Cottage Grove,55016,Yes,Suspected Minor Injury,No,"{'latitude': '44.98021972', 'longitude': '-93.1059947'}",1,3,3,,,,,,,,4,No,30,Biker riding on sidewalk.  Driver exiting parking lot.  Driver said she did not see the biker.,43,13
519,Bike,Yes,2016-10-13T09:04:00.000,16-210392,Western District,Dayton Ave & Lexington,City Street,No,None,Male,St. Paul,55104,Female,St. Paul,55104,No,None,No,"{'latitude': '44.94741991', 'longitude': '-93.14697152'}",1,17,7,,,,,,,,2,No,30,Biker riding on W sidewalk NB Lexington crossing Dayton when vehicle SB Lexington made right turn to WB Dayton striking biker.,17,15
520,Pedestrian,No,2016-05-18T12:05:00.000,16-096852,Central District,477 St. Peter Street,City Street,No,None,,,,Unknown,Unknown,Unknown,,,,"{'latitude': '44.9479', 'longitude': '-93.098518'}",1,12,5,,Unknown,Unknown,Unknown,No,None,No,,,,,,
521,Pedestrian,Yes,2018-02-09T13:25:00.000,18-028520,Eastern District,Maryland Ave E & Bradley St,City,No,None,,,,Male,Maplewood,55109,,,,"{'latitude': '44.977397', 'longitude': '-93.078607'}",1,13,3,30,Male,Pine City,55063,No,None,No,2,No,30,"Pedestran was running away from police on foot.  Pedestrian ran across the street in front of an unlrelated vehicle.  Pedestrian was struck by the vehicle, but continued to run.",60,
522,Pedestrian,Yes,2016-08-08T11:19:00.000,16-158346,Western District,Snelling Ave N & Hewitt Ave,State - Trunk Highway,Yes,Driver,,,,Male,Vadnais Heights,55127,,,,"{'latitude': '44.966451', 'longitude': '-93.167127'}",1,4,4,70,Female,St. Paul,55104,Yes,Suspected Minor Injury,Yes,4,Yes,30,,48,
523,Pedestrian,No,2016-03-14T13:09:00.000,16-049315,Central District,7th Street W & 5th Street,,No,None,,,,Unknown,Unknown,Unknown,,,,"{'latitude': '44.945937', 'longitude': '-93.101551'}",1,12,5,,Unknown,Unknown,Unknown,No,None,No,,,,,,
524,Pedestrian,Yes,2018-02-13T16:01:00.000,18-031334,Western District,University Ave W (1420) & Pascal St,Private,No,None,,,,Male,St. Paul,55104,,,,"{'latitude': '44.95549518', 'longitude': '-93.15915021'}",1,17,7,61,Female,St. Paul,55104,Yes,Suspected Minor Injury,No,Parking Lot,No,10,Driver struck 2 pedestrians while driving through the parking lot of the Dollar Tree at 1420 University.  Driver claimed that the sun temporarily blinded him.,33,
525,Bike,Yes,2017-07-07T17:40:00.000,17-156547,Western District,University Ave W & Syndicate St,County - State Aid,No,None,Female,St. Paul,55104,Female,St. Paul,55104,Yes,Possible Injury,Yes,"{'latitude': '44.95552267', 'longitude': '-93.15425283'}",1,17,7,,,,,,,,4,No,30,"Bike was riding WB on S sidewalk, then crossing Syndicate.  Vehicle was SB Syndicate and struck bike.",36,14
526,Bike,Yes,2018-06-11T18:54:00.000,18-126488,Eastern District,Forest St N & Rose Ave E,City,No,None,Male,St. Paul,55106,Female,St. Paul,55106,No,None,No,"{'latitude': '44.97658281', 'longitude': '-93.0609284'}",1,13,1,,,,,,,,2,Stop Sign,30,"Vehicle was WB Rose, stopped for stop sign then started to cross Forest.  Bike was SB on Forest (E sidewalk) and entered intersection as car started to drive.",38,12
527,Pedestrian,Yes,2018-04-02T23:25:00.000,18-067110,Western District,Concordia Ave & Lexington Pkwy N,Municiapl State Aid,Yes,Driver,,,,Female,St. Paul,55103,,,,"{'latitude': '44.95118843', 'longitude': '-93.14707673'}",1,17,7,18,Male,St. Paul,55104,Yes,Suspected Minor Injury,Yes,4,Yes,30,"Snow and icy conditions.  Driver on Concordia approaching Lexington, observed people on the right shoulder, tried to slow down but lost control of car.  Driver pinned pedestrian between 2 vehicles.  Driver cited for failure to drive with due care.",46,
528,Bike,No,2017-05-31T10:25:00.000,17-122645,Eastern District,Payne Ave & Jessamine Ave E,Municipal State Aid,No,None,Male,Unknown,Unknown,Male,St. Paul,55117,No,None,No,"{'latitude': '44.97473', 'longitude': '-93.073531'}",1,13,1,,,,,,,,2,Stop Sign,30,"No report, biker left when police were called.  Driver of garbage truck called police.  No injuries.",53,
529,Pedestrian,Yes,2017-11-03T16:04:00.000,17-257825,Western District,University Ave W & Lexington,County - State Aid Highway,Yes,Driver,,,,Male,St. Paul,55102,,,,"{'latitude': '44.95556586', 'longitude': '-93.14648689'}",1,9,7,70,Male,St. Paul,55101,No,None,No,6,Yes,30,"Driver was EB University and struck pedestrian.  Driver stated that his windshield was covered in snow on the passenger side. The passenger side windshield wiper blade was missing, preventing snow from being cleared. DV1 stated that he did not see the pedestrian, and he struck the pedestrian in the crosswalk at about 5 mph.",27,
530,Pedestrian,Yes,2016-08-05T08:29:00.000,16-156157,Eastern District,7th St E & Hope Street,State - Trunk Highway,No,None,,,,Unknown,Unknown,Unknown,,,,"{'latitude': '44.960775', 'longitude': '-93.06823'}",1,15,2,39,Female,St. Paul,55101,Yes,Possible Injury,Yes,4,Yes,30,,,
531,Pedestrian,Yes,2017-09-07T15:58:00.000,17-211878,Central District,George St W & Hall St,Municipal State Aid,No,None,,,,Female,St. Paul,55106,,,,"{'latitude': '44.92964978', 'longitude': '-93.08668611'}",1,7,5,13,Male,St. Paul,55107,No,None,No,2,Stop Sign,30,"Vehicle EB George passing by Hall. Juvenile ran across road failing to look for traffic after getting off an MTC bus. Juvenile
struck but not injured.",32,
532,Pedestrian,Yes,2018-04-12T16:20:00.000,18-074738,Central District,5 St E & Robert St N,State - Trunk Highway,Yes,Driver,,,,Male,St. Paul,55104,,,,"{'latitude': '44.94745752', 'longitude': '-93.09092212'}",1,12,5,55,Female,Oakdale,55128,Yes,Possible Injury,Yes,3,Yes,30,"Driver was EB 5th, making left onto NB Robert.  Ped was crossing Robert in north crosswalk with the signal and walk sign.  Driver struck pedestrian.  Driver cited for failure to yield to pedestrian in crosswalk.",31,
533,Pedestrian,Yes,2018-02-21T15:22:00.000,18-037188,Central District,Page St E (279) & Harvard,City,No,None,,,,Male,St. Paul,55107,,,,"{'latitude': '44.92489936', 'longitude': '-93.07594719'}",1,7,5,6,Male,St. Paul,55107,Yes,Suspected Minor Injury,Yes,2,No,30,Vehicle backing out of driveway struck 6 y/o child that was walking on sidewalk.,55,
534,Bike,Yes,2017-09-23T10:07:00.000,17-225421,Western District,Dale St N & Summit Ave,County - State Aid Highway,Yes,Driver,Male,St. Paul,55102,Male,St. Paul,55106,Yes,Suspected Minor Injury,Yes,"{'latitude': '44.94136061', 'longitude': '-93.12625019'}",1,9,7,,,,,,,,2,Yes,30,"Vehicle WB Summit, making left to SB Dale on green light.  Biker EB Summit on green.  Driver turned into biker and then fled scene.  Police located driver at home.  Driver was impaired by alcohol and was arrested.",26,33
535,Pedestrian,Yes,2017-04-06T08:05:00.000,17-074376,Western District,Montreal Ave & St. Paul Ave,County - State Aid Highway,No,None,,,,Male,Unknown,Unknown,,,,"{'latitude': '44.91252895', 'longitude': '-93.18473324'}",1,6,6,33,Female,St. Paul,55105,Yes,Possible Injury,No,4,No,30,"Pedestrian was crossing in the marked crosswalk.  Driver ran the stop sign and struck the pedestrian.  Driver fled without stopping.  Police are investigating the hit and run.  Suspect vehicle is a white Ford Taurus,  with plate similar to 189UAY.  Driver was a middle aged white male.",35,
536,Bike,No,2016-10-26T17:18:00.000,16-220683,Western District,Lexington Pkwy & Charles Ave,County - State Aid Highway,No,None,Male,Unknown,Unknown,Unknown,Unknown,Unknown,Yes,Suspected Minor Injury,No,"{'latitude': '44.957545', 'longitude': '-93.146542'}",1,10,7,,,,,,,,4,No,30,"Unknown, no report",,37
537,Pedestrian,Yes,2018-02-01T15:31:00.000,18-022427,Central District,Jackson St & Kellogg Bd,Municiapl State Aid,No,None,,,,Female,Fridley,55432,,,,"{'latitude': '44.94652609', 'longitude': '-93.08807641'}",1,12,5,55,Male,St. Paul,55117,Yes,Suspected Minor Injury,Yes,4,Yes,30,Pedestrian was crossing the street in the crosswalk when a vehicle struck the pedestrian while making a right turn.  There were conflicting stories of what happened and who had the right of way.,57,
538,Bike,Yes,2016-09-17T19:52:00.000,16-190244,Central District,Isabel St E & Wabasha St S,Municipal Aid Street,Yes,Biker,Male,St. Paul,55101,Male,Minneapolis,55404,Yes,Suspected Minor Injury,Yes,"{'latitude': '44.933075', 'longitude': '-93.084397'}",1,7,5,,,,,,,,2,No,30,,33,25
539,Bike,Yes,2017-07-18T14:06:00.000,17-166606,Central District,Lafayette Rd & University Ave,County - State Aid Highway,Yes,Driver,Male,St. Paul,55106,Male,St. Paul,55116,No,None,No,"{'latitude': '44.95789225', 'longitude': '-93.08569207'}",1,13,5,,,,,,,,4,Yes,30,Driver EB University to SB Lafayette.  Biker SB Lafayette in right traffic lane.  Driver said he did not see the biker.,31,21
540,Bike,Yes,2016-06-25T08:49:00.000,16-126999,Central District,Maryland Ave W & Rice Street,County - State Aid Highway,Yes,Driver,Male,St. Paul,55117,Male,Maplewood,55117,Yes,Suspected Minor Injury,No,"{'latitude': '44.977385', 'longitude': '-93.105921'}",1,3,3,,,,,,,,,,,,45,14
541,Pedestrian,Yes,2018-07-13T11:06:00.000,18-154983,Western District,University Ave W & Raymond,County - State Aid Highway,No,None,,,,Male,Minneapolis,55406,,,,"{'latitude': '44.96368324', 'longitude': '-93.19759643'}",1,1,4,59,Male,Minneapolis,55414,Yes,Suspected Serious Injury,Yes,4,Yes,30,ped came out from between parked cars and was struck by a moped.,33,