,crash_type,report_made,date_time,case_number,district,location,road_type,ticket_arrest,citation_to,biker_gender,biker_city_of_residence,biker_zip_code,driver_gender,driver_city_res,driver_zip_code,injury_to_biker,level_of_injury_to_biker,biker_to_hospital,location_1,count,:@computed_region_jitf_9zyt,:@computed_region_dysk_fpxp,ped_age,ped_gender,ped_city_res,ped_zip_code,injury_to_pedestrian,level_of_injury_to_ped,pedestrian_to_hospital,lanes_of_traffic,signal_present,speed_limit,synopsis,driver_age,biker_age
609,Pedestrian,Yes,2017-06-17T17:46:00.000,17-138596,Eastern District,1540 6TH ST E,Parking Lot,No,Driver,,,,Female,St. Paul,55106,,,,"{'latitude': '44.959092', 'longitude': '-93.035599'}",1,16,2,3,Male,St. Paul,55106,Yes,FATAL,Yes,2,No,10,"Vehicle 1 lost control of the vehicle, striking the
pedestrian(small child)  and pinning him between vehicle and a large container.",38,
610,Pedestrian,Yes,2017-10-11T00:07:00.000,17-239969,Central District,7 St W & Kellogg Blvd W,State - Trunk Highway,Yes,Driver,,,,Female,Unknown,Unknown,,,,"{'latitude': '44.94461333', 'longitude': '-93.10255861'}",1,12,5,24,Female,Mayer,55360,No,None,No,5,Yes,30,"Pedestrian ran across 7th Street and was struck by turning vehicle.  Driver stopped and checked on pedestrian, but left before police arrived.",,
611,Pedestrian,Yes,2017-11-10T03:45:00.000,17-262540,Eastern District,Hazelwood St & Reaney,City,No,None,,,,Unknown,Unknown,Unknown,,,,"{'latitude': '44.96405583', 'longitude': '-93.0356325'}",1,14,2,32,Male,St. Paul,55106,Yes,Suspected Serious Injury,Yes,2,No,30,"Squads sent to Regions on a Ped Crash.  Victim said he was walking home from a party. Victim said he was not certain of his location, but his best guess was the area around Reaney and Hazelwood. Victim was hit by an unknown vehicle. Victim was transported to the hospital by his girlfriend.",,
612,Pedestrian,Yes,2017-12-10T18:45:00.000,17-284280,Central District,Cesar Chavez St & Robert St S,State - Trunk Highway,Yes,Driver,,,,Female,St. Paul,55107,,,,"{'latitude': '44.93159286', 'longitude': '-93.0808313'}",1,7,5,17,Male,St. Paul,55106,Yes,Possible Injury,Yes,4,Yes,30,"Driver NB Robert, was at red light then when green made a left turn onto Cesar Chavez and struck pedestrian who was legally crossing.  Driver cited.",35,
613,Bike,Yes,2016-07-20T11:43:00.000,16-144746,Central District,7th St W & St. Clair,State - Trunk Highway,No,None,Male,St. Paul,55102,Male,Inver Grove Heights,55076,Yes,Suspected Minor Injury,No,"{'latitude': '44.934116', 'longitude': '-93.117348'}",1,11,5,,,,,,,,3,Yes,30,,62,16
614,Bike,Yes,2017-07-31T17:24:00.000,17-178179,Western District,Dayton Ave & Mackubin,City,No,None,Male,St. Paul,55104,Male,St. Paul,55102,No,None,No,"{'latitude': '44.94865559', 'longitude': '-93.12133824'}",1,9,7,,,,,,,,2,Stop Sign,30,Driver was EB Marshall behind Biker who was also EB Marshall.  Both made right run to SB Mackubin.  Biker stopped and was rear ended by Driver.,49,26
615,Bike,Yes,2016-03-22T11:19:00.000,16-055085,Eastern District,Mendota & Minnehaha,,No,None,Male,St. Paul,55106,Male,St. Paul,55106,Yes,Suspected Minor Injury,Yes,"{'latitude': '44.96306864', 'longitude': '-93.0636114'}",1,15,1,,,,,,,,,,,,28,51
616,Bike,Yes,2016-10-21T16:02:00.000,16-216954,Eastern District,Acrade St & Rose St,State - Trunk Highway,No,None,Male,St. Paul,55106,Female,Vadnais Heights,55127,No,None,No,"{'latitude': '44.976618', 'longitude': '-93.065963'}",1,13,1,,,,,,,,4,No,30,"Bike riding NB on W sidewalk of Arcade at high rate of speed, with no operating brakes.  Veh EB Rose, pulled forward from stop sign to see traffic.  Bike rode into car because it was unable to stop.",28,14
617,Pedestrian,Yes,2017-07-03T12:40:00.000,17-152446,Eastern District,7th St E & Johnson Pkwy,County - State Aid,Yes,Driver,,,,Male,St. Paul,55106,,,,"{'latitude': '44.96673335', 'longitude': '-93.04506526'}",1,15,1,59,Male,St. Paul,55106,Yes,Suspected Minor Injury,Yes,2,Yes,30,"Driver was WB 7th, made a left turn to go SB Johnson.  Pedestrian was crossing in S x-walk.  Driver struck pedestrian.  Driver was impaired and was arrested.",79,
618,Ped2,,2016-10-03T14:25:02.000,16-202446,,,,,,,,,,,,,,,,1,,,1,Female,St. Paul,55104,Yes,Suspected Minor Injury,Yes,,,,,,
619,Pedestrian,Yes,2018-08-07T20:07:00.000,18-177496,Central District,Rice St & Manitoba,County - State Aid Highway,No,None,,,,Female,St. Paul,55130,,,,"{'latitude': '44.96835431', 'longitude': '-93.10597284'}",1,3,7,13,Male,Maplewood,55109,No,None,No,2,No,30,"On 8/7/2018 at 2007 hours, a squad came upon a motor vehicle accident involving a pedestrian, at the intersection of Rice Street and Manitoba Ave West.  Witnesses reported the juvenile male ran into the roadway as the vehicle was traveling southbound on Rice street. There were no injuries and no damage to property.  Information was gathered at the scene for report purposes.",33,
620,Pedestrian,Yes,2018-01-08T16:35:00.000,18-005175,Eastern District,Idaho Ave E & Germain St,City,No,None,,,,Unknown,Unknown,Unknown,,,,"{'latitude': '44.99016163', 'longitude': '-93.03301722'}",1,14,1,32,Female,St. Paul,55106,Yes,Possible Injury,No,2,No,30,"Pedestrian was stopped at the corner of Germain and Idaho. One of her dogs pulled on the leash, which caused her to fall to the ground. As the pedestrian stood up in the interesction, she was hit by Vehicle #1, most likely traveling eastbound. The pedestrian was knocked to the ground again and lost consciousness. She had visible injuries to her hand and leg, but declined medical attention. Vehicle #1 fled the accident scene.",,
621,Pedestrian,Yes,2017-06-20T19:51:00.000,17-140807,Western District,Central Ave W & St. Albans St,City,No,None,,,,Unknown,Unknown,Unknown,,,,"{'latitude': '44.95307301', 'longitude': '-93.128841'}",1,9,7,17,Male,St. Paul,55102,Yes,Suspected Minor Injury,Yes,2,No,30,Pedestrian was skateboarding in the street and was struck by vehicle.  Vehicle fled.  No suspect information.,,
622,Pedestrian,Yes,2016-06-09T21:38:00.000,16-114930,Eastern District,1806 Ivy Ave E,City Street,No,None,,,,Female,St. Paul,55117,,,,"{'latitude': '44.980963', 'longitude': '-93.024131'}",1,14,1,20,Male,St. Paul,55119,Yes,Suspected Minor Injury,Yes,,,,,19,
623,Bike,Yes,2017-03-23T16:57:00.000,17-062820,Western District,Ford Pkwy & Finn St,County - State Aid Highway,Yes,Driver,Male,Minneapolis,55417,Female,St. Paul,55105,Yes,Possible Injury,No,"{'latitude': '44.91779718', 'longitude': '-93.18982825'}",1,6,6,,,,,,,,5,Yes,30,"Vehicle was exiting parking lot from south side of Finn & Ford, making ga right turn onto EB Ford Pkwy.  Biker was WB on south sidewalk with a green light and walk signal. Biker was going slow and safely, acting as a pedestrian while crossing this intersection.  Driver struck the biker, stating he did not see the bike.  Biker was injured, but not transported to hospital.  Driver was cited for failure to yield to a pedestrian",56,20
624,Pedestrian,Yes,2017-09-27T21:20:00.000,17-229270,Eastern District,6th St E & Mounds Blvd,State - Trunk Highway,Yes,Pedestrian,,,,Male,St. Paul,55106,,,,"{'latitude': '44.9560731', 'longitude': '-93.07461968'}",1,15,2,31,Male,St. Paul,55119,Yes,Suspected Minor Injury,Yes,5,Yes,30,Pedestrian illegally crossed road and was struck by vehicle.  Pedestrian cited.,32,
625,Bike,Yes,2017-09-14T21:28:00.000,17-218161,Western District,Hamline Ave N & University Ave W,Municipal State Aid,No,None,Male,St. Paul,55104,Male,St. Paul,55105,Yes,Suspected Minor Injury,No,"{'latitude': '44.95350231', 'longitude': '-93.15693086'}",1,17,7,,,,,,,,4,No,30,"Driver NB Hamline, making left into parking lot and struck biker.",31,42
626,Pedestrian,Yes,2016-05-23T08:12:00.000,16-100495,Central District,Maryland Ave E & Greenbrier,County - State Aid Highway,No,None,,,,Female,St. Paul,55106,,,,"{'latitude': '44.977472', 'longitude': '-93.071002'}",1,13,1,34,Female,St. Paul,55106,Yes,FATAL,Yes,,,,,26,
627,Pedestrian,Yes,2017-07-13T21:55:00.000,17-162511,Central District,Lexington Pkwy & I35E,County - State Aid,No,None,,,,Male,Lake Elmo,55042,,,,"{'latitude': '44.92678009', 'longitude': '-93.14543026'}",1,6,6,32,Male,St. Paul,55102,Yes,Possible Injury,Yes,4,Yes,30,"Driver was WB Randolph, making left turn onto SB I35E.  Pedestrian was crossing in crosswalk.  Driver struck pedestrian.",57,
628,Pedestrian,Yes,2016-09-09T08:51:00.000,16-183287,Eastern District,Arlington Ave E & Payne Ave,Municipal Aid Street,No,None,,,,Female,St. Paul,55104,,,,"{'latitude': '44.984668', 'longitude': '-93.07363'}",1,13,1,7,Female,St. Paul,55106,Yes,Suspected Minor Injury,Yes,2,No,30,,57,
629,Pedestrian,Yes,2018-03-16T23:20:00.000,18-054687,Western District,Jessamine Ave W & Beulah Ln,City,No,None,,,,Male,Bloomington,55425,,,,"{'latitude': '44.97383217', 'longitude': '-93.15061088'}",1,2,4,26,Male,Minneapolis,55419,Yes,Suspected Serious Injury,Yes,2,No,30,Driver was WB on Jessamine and struck pedestrian who was walking WB in the roadway.  Case is still being actively investigated.,29,
630,Pedestrian,Yes,2018-04-26T08:30:00.000,18-085468,Central District,Charlton St & Morton,City,No,None,,,,Male,Cottage Grove,55016,,,,"{'latitude': '44.92539218', 'longitude': '-93.0960845'}",1,7,5,5,Male,St. Paul,55107,Yes,Suspected Minor Injury,Yes,2,No,30,Driver was driving SB on Charlton.  Pedestrian ran out from side of roadway.  Driver struck pedestrian.,18,
631,Pedestrian,Yes,2017-08-30T10:12:00.000,17-204474,Central District,University Ave E & L'Orient,County - State Aid Highway,No,None,,,,Male,Edina,55439,,,,"{'latitude': '44.95772321', 'longitude': '-93.09361861'}",1,10,7,37,Male,St. Paul,55106,No,None,No,4,No,30,"Pedestrian was on a skateboard travelling EB on N sidewalk.  Driver exiting 261 University Ave E parking lot, struck pedestrian.",47,
632,Pedestrian,Yes,2017-10-24T15:21:00.000,17-250303,Eastern District,7 St E & Mounds Blvd,State - Trunk Highway,No,None,,,,Female,Forest Lake,55025,,,,"{'latitude': '44.9571004', 'longitude': '-93.07593598'}",1,15,2,38,Male,St. Paul,55101,Yes,Possible Injury,Yes,5,Yes,30,Driver was WB 7th Street making left to SB Mounds Blvd and struck pedestrian who was crossing in S x-walk. Witness stated pedestrian did not have right of way.,24,
633,Pedestrian,Yes,2017-07-28T19:37:00.000,17-175792,Central District,Smith Ave N & Kellogg Blvd,Municipal State Aid,No,None,,,,Female,New Hope,55427,,,,"{'latitude': '44.9438275', 'longitude': '-93.10096516'}",1,12,5,55,Male,St. Paul,55101,Yes,Suspected Minor Injury,No,5,Yes,30,"Driver was exiting parking ramp and looking left for traffic, struck pedestrian at low speed.",43,
634,Bike,Yes,2018-07-28T14:08:00.000,18-168324,Central District,Robert St S & Wood St,State - Trunk Highway,No,None,Male,St. Paul,55107,Female,St. Paul,55106,Yes,Suspected Minor Injury,Yes,"{'latitude': '44.93548935', 'longitude': '-93.08100443'}",1,7,5,,,,,,,,2,Stop Sign,30,VEH 1 DRIVER STATED SHE WAS STOPPED AT STOP SIGN ON WOOD ST AND ROBERT ST. VEH 1 DRIVER STATED SHE STARTED TO MAKE RIGHT TURN ONTO ROBERT FROM WOOD AND STRUCK BIKE WHO WAS N/B ROBERT [ON SIDEWALK]. VEH 1 DRIVER SAID SHE DID NOT SEE BIKE.,24,25
635,Bike,Yes,2016-09-25T15:39:00.000,16-196119,Western District,Lexington Pkwy N & University Ave W,County - State Aid Highway,No,None,Male,St. Paul,55101,Female,St. Paul,55103,Yes,Possible Injury,Yes,"{'latitude': '44.955656', 'longitude': '-93.14655'}",1,9,7,,,,,,,,5,No,30,,80,26
636,Pedestrian,Yes,2016-06-14T19:20:00.000,16-118561,Eastern District,Case Ave & Cypress St,Municipal Aid Street,No,None,,,,Unknown,Unknown,Unknown,,,,"{'latitude': '44.970334', 'longitude': '-93.058337'}",1,13,1,59,Male,St. Paul,55106,Yes,Suspected Serious Injury,Yes,,,,,,
637,Pedestrian,No,2017-03-29T19:36:00.000,17-068105,Western District,Snelling Ave N & Concordia,State - Trunk Highway,No,None,,,,Unknown,Unknown,Unknown,,,,"{'latitude': '44.951226', 'longitude': '-93.167224'}",1,17,4,,Female,Unknown,Unknown,Yes,Possible Injury,No,5,Yes,30,"Several callers, one reported witnessing a vehicle strike a pedestrian.  Pedestrian was holding her elbow.  Mirror of vehicle broke off and fell to ground.  When police and medics arrived the pedestrian and driver were GOA.  Witness reported seeing the person walk to a near-by house, but police were not able to locate the pedestrian.  The driver, nor pedestrian, did not call the  police.",,
638,Pedestrian,Yes,2017-11-03T11:01:00.000,17-257627,Western District,University Ave W & Vandalia St,County - State Aid Highway,No,None,,,,Male,St. Paul,55116,,,,"{'latitude': '44.96080056', 'longitude': '-93.18959223'}",1,1,4,29,Male,Coon Rapids,55433,Yes,Suspected Minor Injury,Yes,5,Yes,30,"Vehicle was WB University making right to NB Vandalia, driver stopped to avoid a pedestrian that was crossing in N X-walk.  Vehicle was then rear-ended by another which caused it to crash into the pedestrian.",74,
639,Bike,Yes,2018-05-09T14:10:00.000,18-097376,Western District,Snelling Ave N & Summit Ave,Municiapl State Aid,No,None,Male,Minneapolis,55414,Male,St. Paul,55117,Yes,FATAL,Yes,"{'latitude': '44.94147545', 'longitude': '-93.16702932'}",1,17,6,,,,,,,,2,Yes,30,Squads responded to a crash at the intersection of Snelling Avenue and Summit Avenue. A school bus that was facing east on Summit Ave in the intersection in the left turn lane turning north crashed with a bicyclist heading west on Summit Avenue.  The cyclist impacted the front of the bus at an angle as the bus was in the process of turning northbound. The cyclist was pronounced dead by Saint Paul FD personnel.,80,75
640,Pedestrian,Yes,2017-08-17T21:32:00.000,17-193538,Central District,Congress St E & Bancroft Ave,City,No,None,,,,Female,"Chicago, IL",Unknown,,,,"{'latitude': '44.9309821', 'longitude': '-93.07231804'}",1,7,5,28,Male,St. Paul,55107,Yes,Suspected Serious Injury,Yes,2,No,30,"Driver EB Congress.  Pedestrian in middle of street texting.  Driver struck pedestrian intentionally.  Investigation revealed that this is likely a domestic assault, but insufficient evidence to prove that.  Victim was not cooperative.",,
641,Pedestrian,No,2016-12-31T12:51:00.000,16-267055,Central District,Cesar Chavez St & State Street,Municipal Aid Street,No,None,,,,Unknown,Unknown,Unknown,,,,"{'latitude': '44.92975035', 'longitude': '-93.07788957'}",1,7,5,,Unknown,Unknown,Unknown,No,None,No,3,Yes,30,No report made.  Only comments were that a ped was struck.  Officers noted no injuries and that the pedestrian was demanding $50.00 for being struck.,,
642,Pedestrian,Yes,2018-07-08T12:27:00.000,18-150780,Western District,Beulah Lane & Midway,City,No,None,,,,Male,Montrose,55363,,,,"{'latitude': '44.9797507', 'longitude': '-93.15385567'}",1,2,4,5,Female,Chaska,55318,Yes,Possible Injury,No,2,No,10,"Child ran across the parking lot, striking a vehicle.",23,
643,Pedestrian,No,2016-03-20T00:52:00.000,16-053494,Western District,981 University Ave W (Johnny Baby's Pk Lot),,Yes,Driver,,,,Female,St. Paul,55130,,,,"{'latitude': '44.956068', 'longitude': '-93.141821'}",1,10,7,27,Female,St. Paul,55104,Yes,Suspected Serious Injury,Yes,,,,,25,
644,Pedestrian,Yes,2016-12-09T07:12:00.000,16-252142,Eastern District,3rd St E & Whitebear Ave,County - State Aid Highway,No,None,,,,Female,St. Paul,55119,,,,"{'latitude': '44.95691324', 'longitude': '-93.02532306'}",1,16,2,15,Female,St. Paul,55106,No,None,No,5,Yes,30,Pedestrian crossed White bear Ave against red signal in order to catch a bus.  Driver struck pedestrian while driving NB White Bear.,31,
645,Pedestrian,Yes,2016-02-20T17:03:00.000,16-033042,Central District,Como Ave & Marion (217 Como),,Yes,Driver,,,,Female,St. Paul,55117,,,,"{'latitude': '44.961349', 'longitude': '-93.109351'}",1,10,7,61,Female,St. Paul,55119,Yes,Suspected Minor Injury,Yes,,,,,23,
646,Pedestrian,Yes,2016-10-27T07:05:00.000,16-221066,Western District,Chatsworth St N & Selby Ave,County - State Aid Highway,No,None,,,,Female,St. Paul,55104,,,,"{'latitude': '44.94677385', 'longitude': '-93.14143927'}",1,9,7,15,Male,St. Paul,55104,Yes,Possible Injury,Yes,2,No,30,"Pedestrian was crossing Selby near Chatsworth.  Conflicting story about whether pedestrian was in the crosswalk, independent witness did not see pedestrian in crosswalk.",60,
647,Bike,Yes,2016-08-03T13:10:00.000,16-154783,Western District,Minnehaha Ave W & Snelling Ave N,Municipal Aid Street,Yes,Biker,Male,St. Paul,55106,Female,St. Paul,55104,Yes,Possible Injury,Yes,"{'latitude': '44.962877', 'longitude': '-93.166982'}",1,4,4,,,,,,,,2,Yes,30,,23,16
648,Pedestrian,Yes,2018-02-07T15:13:00.000,18-026935,Western District,University Ave W & Albert St N,County - State Aid Highway,Yes,Driver,,,,Male,St. Paul,55104,,,,"{'latitude': '44.95552818', 'longitude': '-93.15939853'}",1,17,7,70,Male,St. Paul,55106,Yes,Possible Injury,No,4,No,30,"Vehicle was EB University in the outside lane, the traffic on the inside lane stopped.  Driver failed to stop for the pedestrian and struck the ped at low speed.  Driver cited.  (Multiple Threat Crash)",38,
649,Pedestrian,Yes,2017-02-25T16:53:00.000,17-041533,Eastern District,Minnehaha Ave E & Clarence St,State - Trunk Highway,Yes,Driver,,,,Male,St. Paul,55105,,,,"{'latitude': '44.96321158', 'longitude': '-93.04373733'}",1,14,2,8,Male,St. Paul,55106,Yes,Suspected Minor Injury,Yes,2,No,30,Vehicle was EB Minnehaha.  Pedestrian was crossing SB in E x-walk of Clarence.  Driver stated she did not see the pedestrian.  Driver cited for failure to yield to pedestrian.  Pedestrian transported to hospital.,28,
650,Pedestrian,Yes,2017-04-28T11:56:00.000,17-093506,Central District,Rice St & Arlington Ave W,County - State Aid Highway,Pedestrian,None,,,,Male,St. Paul,55117,,,,"{'latitude': '44.98455345', 'longitude': '-93.10593556'}",1,3,3,55,Female,St. Paul,55104,Yes,Possible Injury,Yes,4,Yes,30,Vehicle was SB Rice Street n of Arlington.  Pedestrian began illegally crossing the street and stepped in front of a moving vehicle.  Driver unable to stop and hit pedestrian.  Possible injury to pedestrian.  Transported to hospital by medics.  No citations issued.,78,
651,Pedestrian,Yes,2016-08-21T22:27:00.000,16-168456,Western District,University Ave W & Snelling,County - State Aid Highway,Yes,Pedestrian,,,,Male,St. Paul,55104,,,,"{'latitude': '44.955599', 'longitude': '-93.166911'}",1,17,7,46,Male,Minneapolis,55406,Yes,Suspected Serious Injury,Yes,6,Yes,30,,69,
652,Pedestrian,Yes,2016-04-24T14:06:00.000,16-078526,Eastern District,Suburban & Ruth,,No,None,,,,Female,St. Paul,55106,,,,"{'latitude': '44.949526', 'longitude': '-93.015115'}",1,16,2,70,Male,St. Paul,55119,Yes,Suspected Minor Injury,Yes,,,,,18,
653,Bike,Yes,2016-06-26T17:47:00.000,16-128018,Eastern District,Cottage Ave E & Forest Street,City Street,No,None,Male,Unknown,Unknown,Unknown,Unknown,Unknown,Unknown,Unknown,No,"{'latitude': '44.98294', 'longitude': '-93.060917'}",1,13,1,,,,,,,,,,,,,18
654,Pedestrian,Yes,2018-01-13T10:11:00.000,18-008482,Western District,Dale St N & Concordia,County - State Aid Highway,No,None,,,,Male,St. Paul,55104,,,,"{'latitude': '44.95130609', 'longitude': '-93.12616318'}",1,9,7,70,Male,St. Paul,55106,Yes,Suspected Minor Injury,Yes,4,Yes,30,"Pedestrian was SB Dale on E side of roadway and crossing Concordia.  Vehicle was WB Dale making a left turn onto EB Concordia.  Conflicting story regarding who had right of way, no independent witnesses.",29,
655,Pedestrian,Yes,2017-05-07T17:08:00.000,17-101718,Eastern District,Maryland Ave E & Arkwright St,County - State Aid Highway,No,None,,,,Female,St. Paul,55130,,,,"{'latitude': '44.97741534', 'longitude': '-93.08339099'}",1,13,3,11,Male,St. Paul,55130,Yes,Suspected Minor Injury,No,4,Traffic Signal,30,"Vehicle was EB Maryland in right lane, with green light and right of way.  Pedestrian was SB Arkwright on a skateboard.  Pedestrian failed to obey red light and was struck by vehicle.",22,
656,Pedestrian,Yes,2016-08-14T16:47:00.000,16-163052,Eastern District,1280 Arcade Street,Private Parking Lot,No,None,,,,Female,white bear lake,55110,,,,"{'latitude': '44.979943', 'longitude': '-93.065542'}",1,13,1,2,Female,White Bear Lake,55110,Yes,Suspected Serious Injury,Yes,Private,No,10,,54,
657,Pedestrian,No,2016-07-14T17:38:00.000,NO CN,Central District,Down Town St. Paul - FB Post,Unknown,No,None,,,,Unknown,Unknown,Unknown,,,,"{'latitude': '44.9447975', 'longitude': '-93.0938'}",1,12,5,,Unknown,Unknown,Unknown,Yes,Suspected Minor Injury,No,Unknown,Unknown,,,,
658,Pedestrian,Yes,2018-06-15T21:30:00.000,18-130122,Central District,Rice St & Como Ave,County - State Aid Highway,No,None,,,,Female,St. Paul,55117,,,,"{'latitude': '44.95900931', 'longitude': '-93.10603121'}",1,10,7,55,Male,Harris,55032,Yes,FATAL,Yes,3,Yes,30,"Investigation continues.  Driver was NB Rice, making left onto Como.  Pedestrian may have been west of crosswalk when struck.",48,
659,Pedestrian,Yes,2017-05-22T13:48:00.000,17-114612,Western District,University Ave W & Lexington,Parking Lot,No,None,,,,Male,St. Paul,55103,,,,"{'latitude': '44.9554557', 'longitude': '-93.1470733'}",1,17,7,17,Male,St. Paul,55103,Yes,Suspected Minor Injury,No,Private,No,10,Pedestrian was walking in the parking lot.  Vehicle backed out of parking space and struck pedestrian.,47,
660,Pedestrian,Yes,2018-08-18T19:32:00.000,18-187782,Western District,Sherburne & Arundel,City,No,None,,,,Male,Unknown,Unknown,,,,"{'latitude': '44.95669681', 'longitude': '-93.11840491'}",1,10,7,33,Male,St. Paul,55107,Yes,Possible Injury,No,2,No,30,Veh 1 was occupied by several people attempting to steal the pedestrian's groceries he had outside on the sidewalk. When confronted the vehicle began traveling west on Sherburne Ave toward the pedestrian who jumped onto the vehicle hood and was carried several feet away before falling off the vehicle.,,
661,Pedestrian,Yes,2018-08-16T10:16:00.000,18-185397,Western District,Horton & Lexington,County - State Aid Highway,Yes,Driver,,,,Male,St. Paul,55103,,,,"{'latitude': '44.977436', 'longitude': '-93.146635'}",1,2,3,84,Female,St. Paul,55103,Yes,Possible Injury,No,2,Yes,30,Vehicle 1 turned south to east on green light.  Ped crossing north in crosswalk on green/walk.  Driver was cited for failure to yield to ped.,73,
662,Pedestrian,Yes,2016-02-17T18:43:00.000,16-031114,Western District,Hamline Ave N & University Ave W,,Yes,Driver,,,,Male,St. Paul,55104,,,,"{'latitude': '44.95550428', 'longitude': '-93.15710896'}",1,17,7,71,Male,St. Paul,55102,Yes,Suspected Minor Injury,Yes,,,,,31,
663,Pedestrian,Yes,2016-01-22T11:49:00.000,16-013803,Western District,Grand Ave & Grotto,,Yes,Driver,,,,Male,Eagan,55122,,,,"{'latitude': '44.9399279', 'longitude': '-93.1315995'}",1,8,5,70,Female,St. Paul,55105,Yes,Suspected Minor Injury,No,,,,,28,
664,Bike,Yes,2016-05-14T17:55:00.000,16-094067,Eastern District,Johnson Pkwy & York,County - State Aid Highway,No,None,Male,St. Paul,55117,Unknown,Unknown,Unknown,Yes,Suspected Minor Injury,No,"{'latitude': '44.968754', 'longitude': '-93.044999'}",1,15,1,,,,,,,,,,,,,22
665,Pedestrian,Yes,2017-10-06T20:40:00.000,17-236721,Western District,University Ave W & Vandalia St,County - State Aid Highway,Yes,Driver,,,,Male,Oakdale,55128,,,,"{'latitude': '44.96080318', 'longitude': '-93.18962376'}",1,1,4,17,Female,St. Paul,55106,Yes,Suspected Minor Injury,Yes,5,Yes,30,Vehicle was NB Vandalia making left to WB University.  Pedestrian was crossing NB in W x-walk with walk light.  Driver did not see pedestrian.  Driver cited for FTY Pedestrian.,43,
666,Pedestrian,Yes,2016-11-29T20:27:00.000,16-245143,Central District,7th St W & Smith Ave N,State - Trunk Highway,No,None,,,,Unknown,Unknown,Unknown,,,,"{'latitude': '44.939524', 'longitude': '-93.109361'}",1,11,5,46,Female,St. Paul,55101,Yes,Possible Injury,Yes,4,Yes,30,Pedestrian was crossing Smith EB on 7th when a vehicle illegally went around a stopped vehicle and struck the pedestrian.  Driver fled.,,
667,Bike,Yes,2016-06-28T21:16:00.000,16-129750,Central District,Maryland Ave W & Dale St N,County - State Aid Highway,Yes,Driver,Male,St. Paul,55104,Male,St. Paul,55117,Yes,Suspected Minor Injury,Yes,"{'latitude': '44.977362', 'longitude': '-93.126354'}",1,2,3,,,,,,,,,,,,25,13
668,Pedestrian,No,2016-05-01T12:12:00.000,16-084302,Western District,University Ave W & Lexington Pkwy,County - State Aid Highway,No,None,,,,Unknown,Unknown,Unknown,,,,"{'latitude': '44.955656', 'longitude': '-93.14655'}",1,9,7,,Unknown,Unknown,Unknown,Unknown,Unknown,Unknown,,,,,,
669,Pedestrian,Yes,2017-04-16T08:12:00.000,17-083106,Central District,1360 Western Ave N,Private,No,None,,,,Male,Minneapolis,55408,,,,"{'latitude': '44.98200389', 'longitude': '-93.11605245'}",1,3,3,19,Male,St. Paul,55117,Yes,Possible Injury,No,Private,No,10,Driver intentionally ran over pedestrian 2 times after an altercation. Suspect fled after crash. Victim was uncooperative and refused medical attention.  Police report written as aggravated assault with vehicle.,21,
670,Pedestrian,Yes,2016-10-06T12:16:00.000,16-204937,Western District,University Ave W & Arundel St,County - State Aid Highway,No,None,,,,Female,Hammond,54015,,,,"{'latitude': '44.9559309', 'longitude': '-93.11867273'}",1,10,7,48,Female,St. Paul,55104,Yes,Suspected Minor Injury,Yes,4,No,30,,53,
671,Pedestrian,No,2016-10-18T16:14:00.000,16-214545,Central District,7th St E & Wall St,State - Trunk Highway,No,None,,,,Female,Cannon Falls,55009,,,,"{'latitude': '44.951457', 'longitude': '-93.087417'}",1,12,5,62,Male,St. Paul,55101,No,None,No,5,Yes,30,Ped was crossing where posted no crossing and walked into a vehicle  No injuries.,41,
672,Pedestrian,Yes,2017-06-06T18:50:00.000,17-129077,Eastern District,Arcade & Wheelock,State - Trunk Highway,No,None,,,,Unknown,Unknown,Unknown,,,,"{'latitude': '44.98479641', 'longitude': '-93.06606693'}",1,13,1,28,Male,St. Paul,55106,No,None,No,4,Yes,30,Driver struck pedestrian who was in a motorized wheelchair.  Driver fled.,,
673,Pedestrian,Yes,2017-08-11T17:39:00.000,17-188333,Central District,Rice St & Manitoba Ave,County - State Aid Highway,Yes,Driver,,,,Female,Little Canada,55117,,,,"{'latitude': '44.96837756', 'longitude': '-93.10595947'}",1,3,7,11,Male,St. Paul,55117,No,None,No,4,No,30,"Driver NB Rice at Manitoba.  Pedestrian crossing in crosswalk (not marked).  Other cars stopped, but driver did not and struck pedestrian.  Driver cited.",42,
674,Bike,Yes,2016-09-15T11:49:00.000,16-188293,Western District,Marshall Ave & Prior,Municipal Aid Street,Yes,Driver,Male,St. Paul,55105,Male,St. Paul,55104,No,None,No,"{'latitude': '44.948398', 'longitude': '-93.182717'}",1,17,4,,,,,,,,2,No,30,,33,55
675,Pedestrian,Yes,2018-03-09T15:22:00.000,18-049007,Central District,Exchange St & Chestnut,Municiapl State Aid,Yes,Driver,,,,Male,Stillwater,55082,,,,"{'latitude': '44.94248468', 'longitude': '-93.10266549'}",1,11,5,15,Female,St. Paul,55101,Yes,Suspected Minor Injury,Yes,2,Yes,30,"Driver was NB Chestnut, making left turn to WB Exchange with a green light.  Vehicle waited for traffic and then turned.  Ped was walking SB in W x-walk with walk sign and was struck by turning vehicle.",63,
676,Bike,Yes,2016-06-25T08:49:00.000,16-126999,Central District,Rice St & Maryland,County - State Aid Highway,Yes,Driver,Male,St. Paul,55117,Male,Maplewood,55117,Yes,Suspected Minor Injury,No,"{'latitude': '44.977385', 'longitude': '-93.105921'}",1,3,3,,,,,,,,,,,,45,14