,crash_type,report_made,date_time,case_number,district,location,road_type,ticket_arrest,citation_to,biker_gender,biker_city_of_residence,biker_zip_code,driver_gender,driver_city_res,driver_zip_code,injury_to_biker,level_of_injury_to_biker,biker_to_hospital,location_1,count,:@computed_region_jitf_9zyt,:@computed_region_dysk_fpxp,ped_age,ped_gender,ped_city_res,ped_zip_code,injury_to_pedestrian,level_of_injury_to_ped,pedestrian_to_hospital,lanes_of_traffic,signal_present,speed_limit,synopsis,driver_age,biker_age
677,Bike,Yes,2017-07-13T13:51:00.000,17-162055,Eastern District,7th St E & Johnson Pkwy,County - State Aid,Yes,Driver,Male,St. Paul,55106,Male,St. Paul,55106,No,None,No,"{'latitude': '44.96673335', 'longitude': '-93.04506526'}",1,15,1,,,,,,,,2,Yes,30,"Driver was turning into 846 Johnson Pkwy. As he entered the lot he struck a bicyclist. After he struck the bicyclist he
continued into the parking lot and struck a parked motor vehicle. There were no injuries. The driver of unit 1 was arrested for
Felony driving while impaired.",25,16
678,Bike,Yes,2018-08-03T14:29:00.000,18-173628,Western District,Lexington Pkwy & St. Anthony Ave,County - State Aid Highway,No,None,Male,St. Paul,55104,Male,St. Paul,55104,Yes,Suspected Minor Injury,Yes,"{'latitude': '44.95228077', 'longitude': '-93.14673445'}",1,17,7,,,,,,,,4,Yes,30,Driver was WB St. Anthony making a right to NB Lexington and struck a biker who was crossing in crosswalk against the light.,58,11
679,Bike,Yes,2016-11-11T12:16:00.000,16-232273,Eastern District,Forest St & Minnehaha Ave E,Municipal Aid Street,Yes,Biker,Male,St. Paul,55106,Male,St. Paul,55106,Yes,Possible Injury,Yes,"{'latitude': '44.963048', 'longitude': '-93.060975'}",1,15,1,,,,,,,,2,No,30,Bike crossing forest in alley struck vehicle.  Bike cited for failure to yield right of way.,92,51
680,Pedestrian,Yes,2017-04-18T20:40:00.000,17-085066,Western District,Hamline Ave N & University Ave W,Municipal State Aid,No,None,,,,Female,St. Paul,55108,,,,"{'latitude': '44.955637', 'longitude': '-93.156821'}",1,17,7,26,Female,Otsego,55330,Yes,Suspected Minor Injury,Yes,4,No,30,"Vehicle was travelling NB in the right lane of Hamline S of University.  A pedestrian illegally crossed Hamline and appeared in front of her vehicle, she did not have any opportunity to stop and struck the pedestrian.  Pedestrian had minor injuries (approx. 12 mph crash), transported to hospital by medics.",63,
681,Pedestrian,Yes,2018-04-18T12:35:00.000,18-079077,Western District,Pascal St N & St. Anthony Ave,Private,No,None,,,,Male,St. Paul,55101,,,,"{'latitude': '44.952181', 'longitude': '-93.159441'}",1,17,7,44,Female,St. Paul,55101,Yes,Possible Injury,Yes,0,No,10,Pedestrian is a police officer and was running after a suspect when she was struck by a vehicle (a police squad car).  Minor injury to hand and feet.,60,
682,Pedestrian,No,2017-02-13T18:00:00.000,17-032118,Western District,Dale St N & Carroll,County - State Aid Highway,No,None,,,,Unknown,Unknown,Unknown,,,,"{'latitude': '44.96843451', 'longitude': '-93.07349495'}",1,13,1,,Male,St. Paul,55104,No,None,No,4,No,30,Unknown - no report.  Comments state that the pedestrian refused to speak with police.,,
683,Pedestrian,Yes,2017-09-23T21:27:00.000,17-225974,Eastern District,Arcade St & Sims,County - State Aid Highway,No,None,,,,Female,St. Paul,55104,,,,"{'latitude': '44.96935897', 'longitude': '-93.06599888'}",1,13,1,21,Male,St. Paul,55117,Yes,Suspected Minor Injury,Yes,3,No,30,"Driver NB Arcade, struck ped at Sims. This is being investigated as an aggravated assault with a  motor vehicle.",19,
684,Pedestrian,Yes,2017-09-13T19:54:00.000,17-217213,Central District,Hoyt Ave & Rice St,County - State Aid Highway,Yes,Driver,,,,Female,St. Paul,55117,,,,"{'latitude': '44.98825604', 'longitude': '-93.10595581'}",1,3,3,58,Male,St. Paul,55117,Yes,Suspected Minor Injury,Yes,4,No,30,Driver SB Rice at Hoyt.  Pedestrian crossing in crosswalk.  Driver failed to stop for ped and fled scene.  Investigation revealed driver who was cited.,42,
685,Bike,Yes,2016-05-20T23:10:00.000,16-098897,Eastern District,Minnehaha Ave E & Burr St,City Street,No,None,Male,St. Paul,55101,Unknown,Unknown,Unknown,Yes,Suspected Minor Injury,Yes,"{'latitude': '44.962954', 'longitude': '-93.079755'}",1,13,3,,,,,,,,,,,,,50
686,Pedestrian,Yes,2018-06-01T13:51:00.000,18-117492,Central District,Winslow Ave & George St,Municiapl State Aid,No,None,,,,Male,Frederic (WI),54837,,,,"{'latitude': '44.9296343', 'longitude': '-93.08958192'}",1,7,5,24,Male,St. Paul,55102,Yes,Suspected Minor Injury,Yes,2,Stop Sign,30,"Pedestrian was riding a skateboard NB on Winslow.  Driver was EB on George.  Pedestrian was going down hill and unable to stop, ran into the side of the vehicle.",34,
687,Pedestrian,Yes,2016-09-22T06:31:00.000,16-193557,Central District,Rice St N & Arlington Ave,County - State Aid Highway,No,None,,,,Female,St. Paul,55117,,,,"{'latitude': '44.984586', 'longitude': '-93.105864'}",1,3,3,37,Female,St. Paul,55117,Yes,Possible Injury,Yes,4,Yes,30,,27,
688,Pedestrian,Yes,2016-11-27T17:10:00.000,16-243488,Eastern District,White Bear Ave N & Minnehaha Ave E,State - Trunk Highway,No,None,,,,Male,St. Paul,55106,,,,"{'latitude': '44.963083', 'longitude': '-93.025319'}",1,14,2,9,Male,Bloomington,55431,No,None,No,2,Yes,30,9 y/o male crossing street against red light walked into vehicle.  No injuries.,68,
689,Pedestrian,Yes,2016-07-26T23:20:00.000,16-149230,Central District,7th St E & Lafayette,State - Trunk Highway,No,None,,,,Male,South St. Paul,55075,,,,"{'latitude': '44.953435', 'longitude': '-93.083284'}",1,15,5,20,Male,St. Paul,55119,Yes,Suspected Minor Injury,Yes,5,No,30,,77,
690,Pedestrian,Yes,2016-12-06T19:20:00.000,16-250387,Central District,7th St W & Chestnut St,State - Trunk Highway,No,None,,,,Female,St. Paul,55104,,,,"{'latitude': '44.943409', 'longitude': '-93.104089'}",1,11,5,56,Male,Bronx (NY),10451,Yes,Suspected Minor Injury,Yes,4,Yes,30,Pedestrian stepped out from between parked cars and walked into street where he was struck by vehicle.,37,
691,Pedestrian,Yes,2017-12-21T20:20:00.000,17-292374,Western District,Marshall St W & Wheeler St N,County - State Aid Highway,No,None,,,,Male,St. Paul,55104,,,,"{'latitude': '44.94845408', 'longitude': '-93.17576662'}",1,17,4,72,Male,St. Paul,55104,Yes,Suspected Serious Injury,Yes,3,No,30,"Pedestrian crossing in unmarked crosswalk (using a walker).  Vehicle was WB Marshall and did not see the pedestrian.  Investigation continues due to conflicting stories, but evidence at scene suggests driver is at fault.",22,
692,Pedestrian,Yes,2018-07-20T17:03:00.000,18-161711,Central District,i35E & Kellogg,County - State Aid Highway,No,None,,,,Female,Unknown,Unknown,,,,"{'latitude': '44.94662198', 'longitude': '-93.10430956'}",1,12,5,57,Male,St. Paul,55106,Yes,Suspected Minor Injury,No,3,Yes,30,"Pedestrian was crossing WB on Kellogg, veh was turning right onto Kellogg from NB 35e and struck ped. Driver fled scene.",,
693,Bike,Yes,2017-06-18T15:05:00.000,17-139111,Central District,Lilydale Rd & W Water st,City,No,None,Male,Plymouth,55441,Male,Brooklyn Center,55429,Yes,Suspected Minor Injury,Yes,"{'latitude': '44.92187312', 'longitude': '-93.11703093'}",1,7,5,,,,,,,,2,No,25,Bike failed to stop as it entered roadway from a bike path and was struck by a motorcycle.  Both were ejected from bikes and injured.,56,46
694,Pedestrian,Yes,2016-12-27T05:56:00.000,16-263944,Western District,Marshall Ave & Victoria St,Municipal Aid Street,Yes,Driver,,,,Male,St. Paul,55104,,,,"{'latitude': '44.948723', 'longitude': '-93.137098'}",1,9,7,23,Male,St. Paul,55104,Yes,Suspected Minor Injury,Yes,2,No,30,"Vehicle NB Victoria, made left onto WB Marshall.  Pedestrian was outside of a parked vehicle just west of intersection with door open.  Vehicle1 struck pedestrian and also open car door, then fled the scene.  Police located driver.",37,
695,Bike,Yes,2017-06-05T17:10:00.000,17-127993,Central District,6th St E & Jackson St,Municipal State Aid,No,None,Unknown,Roseville,55113,Female,Maplewood,55109,No,No apparent injury,No,"{'latitude': '44.948875', 'longitude': '-93.090253'}",1,12,5,,,,,,,,3,No,30,the bike rider entered intersection at Jackson. The biker was distracted and did not notice the car coming  from 6th street and collided with it.  The crash caused a dent and a scratch . There were no damages to the bicycle.,18,61
696,Bike,Yes,2017-05-14T15:00:00.000,17-107971,Central District,Maryland Ave E & I35E,County - State Aid Highway,Yes,Driver,Male,St. Paul,55106,Female,St. Paul,55106,No,None,No,"{'latitude': '44.977046', 'longitude': '-93.088764'}",1,3,3,,,,,,,,7,Traffic Signal,30,"Bike was EB Maryland crossing on ramp for SB 35E in crosswalk.  Driver was WB Maryland making a left turn onto SB I35E, striking pedestrian.  Witnessed by SPPD Reserve Officer.  No Injuries to biker.  Driver cited for failure to yield right of way and driving on a revoked license.",44,31
697,Pedestrian,Yes,2016-03-15T19:40:00.000,16-050319,Central District,Kellogg Bd W & Mulberry St,City Street,Yes,Driver,,,,Male,Minneapolis,55406,,,,"{'latitude': '44.94826853', 'longitude': '-93.10536905'}",1,12,5,24,Female,Crystal,55428,Yes,FATAL,Yes,4,No,30,,44,
698,Pedestrian,Yes,2016-08-08T21:26:00.000,16-158710,Western District,Snelling Ave N & University Ave W,State - Trunk Highway,No,None,,,,Unknown,Unknown,Unknown,,,,"{'latitude': '44.956039', 'longitude': '-93.167378'}",1,4,4,18,Female,St. Paul,55104,Yes,Suspected Minor Injury,No,4,Yes,30,,,
699,Pedestrian,Yes,2016-10-31T16:34:00.000,16-224512,Central District,6th St E & Cedar St,Municipal Aid Street,Yes,Pedestrian,,,,Male,St. Paul,55105,,,,"{'latitude': '44.947102', 'longitude': '-93.093976'}",1,12,5,27,Male,Brooklyn Center,55429,Yes,Possible Injury,Yes,4,Yes,30,Pedestrian got off a bus and ran across the street against the red light.  Pedestrian was struck by vehicle.  A motorcycle behind the vehicle then crashed as a result.  Pedestrian and motorcycle driver both went to hospital.  Pedestrian cited for illegal crossing,68,
700,Bike,Yes,2016-07-20T21:25:00.000,16-145098,Western District,Marshall Ave & Otis Street,County - State Aid Highway,No,None,Male,Minneapolis,55418,Unknown,Unknown,Unknown,No,None,No,"{'latitude': '44.948377', 'longitude': '-93.197866'}",1,17,4,,,,,,,,5,Yes,30,,,26
701,Bike,No,2016-03-09T20:40:00.000,16-046024,Eastern District,White Bear Ave N & Suburban,,No,None,Male,St. Paul,55106,Male,Minneapolis,55404,No,None,No,"{'latitude': '44.949685', 'longitude': '-93.025222'}",1,16,2,,,,,,,,,,,,22,54
702,Pedestrian,Yes,2016-04-22T14:24:00.000,16-077049,Western District,Snelling Ave N & Spruce Tree,,Yes,Pedestrian,,,,Male,St. Paul,55104,,,,"{'latitude': '44.954242', 'longitude': '-93.166142'}",1,17,7,40,Male,St. Paul,55104,Yes,Possible Injury,Yes,,,,,24,
703,Bike,No,2017-05-11T21:23:00.000,17-105425,Western District,University Ave W & Hamline Av N,County - State Aid Highway,No,None,Unknown,Unknown,Unknown,Unknown,Unknown,Unknown,Yes,Suspected Minor Injury,Yes,"{'latitude': '44.955637', 'longitude': '-93.156821'}",1,17,7,,,,,,,,5,Traffic Signal,30,No report made.  Vehicle struck bike.  No further information available.,,
704,Bike,Yes,2016-08-24T17:12:00.000,16-170558,Western District,827 Grand Ave,Municipal Aid Street,No,None,Male,St. Paul,55105,Female,Eagan,55122,Yes,Possible Injury,Yes,"{'latitude': '44.94000656', 'longitude': '-93.13499565'}",1,8,5,,,,,,,,3,No,30,,32,51
705,Pedestrian,Yes,2016-08-19T15:36:00.000,16-036627,Transit,University Ave W & Prior,County - State Aid Highway,No,None,,,,Male,St. Paul,55117,,,,"{'latitude': '44.957754', 'longitude': '-93.182289'}",1,17,4,67,Male,St. Paul,55104,Yes,Suspected Serious Injury,Yes,4,Yes,30,,37,
706,Pedestrian,Yes,2016-02-12T05:43:00.000,16-027595,Central District,7th St W & Randolph,,No,,,,,Male,St. Paul,55102,,,,"{'latitude': '44.92683357', 'longitude': '-93.12817034'}",1,11,5,46,Male,St. Paul,55101,Yes,Suspected Minor Injury,Yes,,,,,30,
707,Pedestrian,Yes,2017-05-24T17:15:00.000,17-116443,Western District,1300 University Ave W (Target),Parking Lot,Yes,Driver,,,,Male,St. Paul,55119,,,,"{'latitude': '44.95327369', 'longitude': '-93.15691404'}",1,17,7,23,Female,St. Paul,55104,Yes,Suspected Serious Injury,Yes,Private,Stop Sign,15,"Driver struck pedestrian in the parking lot of Target.  Pedestrian was crossing in the crosswalk.  Driver fled the scene, but was later arrested by police.  Driver was charged with 2nd Degree Assault with a dangerous weapon.  Pedestrian had major injuries but is expected to make a full recovery.",56,
708,Pedestrian,No,2016-11-11T12:41:00.000,16-232284,Western District,Como Ave & Doswell,Municipal Aid Street,Yes,Driver,,,,Male,St. Paul,55108,,,,"{'latitude': '44.982394', 'longitude': '-93.195791'}",1,1,4,,Unknown,Unknown,Unknown,Yes,Suspected Minor Injury,No,2,Yes,30,"No report.  Pedestrian refused to make report, but did give officer basic information about crash.  Driver admitted fault so he was cited for failure to yield to pedestrian in crosswalk.",62,
709,Pedestrian,Yes,2017-04-02T02:28:00.000,17-070971,Central District,Rice St & Larpenteur,Parking Lot,Yes,Driver,,,,Male,Northfield,55057,,,,"{'latitude': '44.98960926', 'longitude': '-93.10586432'}",1,3,3,44,Male,St. Paul,55117,Yes,Suspected Minor Injury,No,Private,No,10,Vehicle backed into a pedestrian who was standing in the parking lot of a business.  Minor injuries.  Driver was cited for failure to drive with due care.,23,
710,Pedesrian,Yes,2017-11-19T00:30:00.000,17-296096,Western District,Summit Ave & Finn st,Municipal State Aid,Yes,Driver,,,,Male,St. Paul,55117,,,,"{'latitude': '44.941649', 'longitude': '-93.18990594'}",1,17,4,20,Male,Chanhassan,55317,Yes,Suspected Minor Injury,No,2,No,30,Vehicle was SB summit near Finn.  Ped had exited bus and was crossing Summit in a marked x-walk.  Veh was going at a high rate of speed and struck pedestrian.  Driver fled.  Investigator located driver and driver stated he did not see pedestrian and did not know he hit anyone.  Case was sent to RCAO for charging consideration. (12/28/17),16,
711,Pedestrian,Yes,2018-06-19T19:53:00.000,18-133462,Western District,Snelling Ave N & Thomas Ave,State - Trunk Highway,Yes,Driver,,,,Male,St. Paul,55130,,,,"{'latitude': '44.95919432', 'longitude': '-93.16686099'}",1,4,4,41,Male,St. Paul,55104,Yes,Suspected Minor Injury,Yes,4,Yes,30,"DV1 stated that he was driving s/b on Snelling turning e/b onto Thomas when he ""bumped"" into P1. P1 stated he was injured and went to Regions Hospital with arm, shoulder, and knee injuries. P1 stated he was in the crosswalk when V1 came out of no where and struck him. P1 had green pedestrian crossing indicator. Lights functioning normally. DV1 cited. PV1 stated that DV1 barely struck pedestrian when he fell to the ground after the impact.",50,
712,Pedestrian,Yes,2017-10-04T09:48:00.000,17-234530,Western District,University Ave W & Lexington,County - State Aid Highway,No,None,,,,Female,Unknown,Unknown,,,,"{'latitude': '44.9556377', 'longitude': '-93.146675'}",1,17,7,67,Male,St. Paul,55102,Yes,Suspected Minor Injury,Yes,5,Yes,30,Driver NB Lexington making right to EB University and struck pedestrian. Driver fled.,,
713,Pedestrian,Yes,2016-12-09T15:41:00.000,16-252416,Western District,University Ave W & Western Ave N,County - State Aid Highway,Yes,Pedestrian,,,,Female,St. Paul,55104,,,,"{'latitude': '44.955701', 'longitude': '-93.11613'}",1,9,7,55,Male,St. Paul,55103,Yes,Suspected Minor Injury,Yes,4,Yes,30,Vehicle was SB Western north of University with a green light.  Pedestrian ran out into street and was struck by vehicle.  Pedestrian cited.,68,
714,Bike,Yes,2016-09-18T14:49:00.000,16-190801,Western District,Summit Ave & Victoria St,Municipal Aid Street,Yes,Driver,Male,St. Paul,55102,Male,St. Paul,55104,No,None,No,"{'latitude': '44.941357', 'longitude': '-93.136427'}",1,8,5,,,,,,,,2,Yes,30,,35,48
715,Pedestrian,Yes,2017-01-14T12:54:00.000,17-009537,Western District,Victoria St S & Grand Ave,Munincipal State Aid,Yes,Driver,,,,Female,Duluth,55807,,,,"{'latitude': '44.939959', 'longitude': '-93.13642'}",1,8,5,58,Female,Eagan,55123,Yes,Possible Injury,Yes,3,Yes,30,"Pedestrian was crossing SB in W crosswalk at Grand & Victoria, with walk sign and green light. Vehicle SB Victoria making right turn onto WB Grand . Driver stated she ""looked down for just a second"" and did not see the pedestrian when turning.  Ped transported to Regions by ambulance.",22,
716,Pedestrian,Yes,2016-06-15T21:35:00.000,16-119412,Eastern District,Suburban & Ruth,Municipal Aid Street,Yes,Driver,,,,Female,Woodbury,55129,,,,"{'latitude': '44.949526', 'longitude': '-93.015115'}",1,16,2,41,Female,St. Paul,55106,Yes,Suspected Minor Injury,No,,,,,47,
717,Bike,Yes,2016-10-10T17:56:00.000,16-208195,Eastern District,3rd St E & Mounds Blvd,Municipal Aid Street,No,None,Male,St. Paul,55106,Female,Inver Grove Heights,55076,Yes,Suspected Minor Injury,Yes,"{'latitude': '44.95412763', 'longitude': '-93.07169218'}",1,15,2,,,,,,,,4,Yes,30,Driver turned right on red and struck a biker that was riding the wrong way against traffic.,24,43
718,Bike,Yes,2016-10-13T18:52:00.000,16-210884,Eastern District,Orange Ave E & Payne Ave,Municipal Aid Street,No,None,Female,St. Paul,55106,Female,St. Paul,55106,Yes,Possible Injury,Yes,"{'latitude': '44.97914769', 'longitude': '-93.07356232'}",1,13,1,,,,,,,,2,No,30,Driver making a left turn struck a biker who was riding on the sidewalk crossing street.,37,49
719,Pedestrian,Yes,2016-01-13T09:35:00.000,16-008084,Eastern District,Ivy Ave E & Hazelwood St,City Street,No,,,,,Unknown,Unknown,Unknown,,,,"{'latitude': '44.98108248', 'longitude': '-93.03496336'}",1,14,1,56,Female,St. Paul,55106,Yes,Suspected Minor Injury,Yes,,,,,,
720,Pedestrian,Yes,2016-12-01T15:00:00.000,16-246398,Eastern District,Arcade St & Ivy St,State - Trunk Highway,Yes,Pedestrian,,,,Female,Hopkins,55343,,,,"{'latitude': '44.981131', 'longitude': '-93.065993'}",1,13,1,15,Female,St. Paul,55106,Yes,Suspected Minor Injury,Yes,4,Yes,30,15 y/o female running away from school security was struck by vehicle.  Non-life threatening injury.,20,
721,Pedestrian,Yes,2016-07-03T10:49:00.000,16-133598,Western District,Iglehart & Fisk,City Street,No,None,,,,Male,Oakdale,55128,,,,"{'latitude': '44.949587', 'longitude': '-93.138254'}",1,9,7,6,Male,White Bear Lake,55110,Yes,Suspected Serious Injury,Yes,,,,,26,
722,Bike,No,2016-07-12T21:05:00.000,16-140190,Western District,Grand Ave & Grotto,City Street,No,None,Unknown,Unknown,Unknown,Unknown,Unknown,Unknown,No,None,No,"{'latitude': '44.93994', 'longitude': '-93.131311'}",1,8,5,,,,,,,,3,No,30,,,
723,Pedestrian,Yes,2017-02-03T14:35:00.000,17-024402,Eastern District,Lower Afton Rd & McKnight St,County - State Aid Highway,Yes,Driver,,,,Female,Anoka,55303,,,,"{'latitude': '44.93302436', 'longitude': '-93.00505802'}",1,16,2,20,Female,St. Paul,55119,Yes,Possible Injury,Yes,4,Yes,30,"Vehicle was e/b on Lower Afton Rd at McKnight. Pedestrian walking in cross walk from s/w corner of intersection to n/w corner. Vehicle hit pedestrian in the cross walk 1-3 feet from intersection Driver of Vehicle admitted to officers of not seeing the traffic control device in front of her. A witness at the scene said the driver did not look south towards the cross walk before turning and hitting pedestrian. Pedestrian said she had walk sign and driver ran into her. Pedestrian complained of leg pain and transported to United Hospital (MEDIC 4, Run# 431)",42,
724,Bike,Yes,2017-08-09T13:51:00.000,17-186325,Western District,Cretin Ave S & Ford Pkwy,County - State Aid Highway,Yes,Driver,Male,St. Paul,55114,Fe,Cottage Grove,55016,Yes,Suspected Minor Injury,No,"{'latitude': '44.91778467', 'longitude': '-93.19250124'}",1,6,6,,,,,,,,2,Yes,30,"Driver SB Cretin, making left onto Ford.  Biker crossing in E x-walk of Cleveland on Ford.  Driver said she did not see the biker.  Driver cited.",18,28
725,Pedestrian,Yes,2016-11-06T14:12:00.000,16-228761,Eastern District,1257 Arkwright Street,City Street,No,None,,,,Male,St. Paul,55130,,,,"{'latitude': '44.979062', 'longitude': '-93.083884'}",1,13,3,7,Female,St. Paul,55130,Yes,Possible Injury,No,2,No,30,7 y/o ran across street without looking for vehicles.,21,
726,Pedestrian,Yes,2017-03-14T18:23:00.000,17-055534,Western District,Lexington Pkwy & Summit Ave,County - State Aid Highway,No,None,,,,Female,St. Paul,55117,,,,"{'latitude': '44.94138323', 'longitude': '-93.14659225'}",1,8,5,29,Male,St. Paul,55102,Yes,Suspected Serious Injury,Yes,4,Yes,30,"Vehicle was NB Lexington at Summit, with a green light.  Pedestrian was WB in N crosswalk and stepped into street against signal.  Transported to hospital with signifigan injuries.  Now appears non-life threatening, but crash reconstruction was completed.",29,
727,Bike,Yes,2016-05-18T07:48:00.000,16-096714,Western District,Marshall Ave & Cleveland,County - State Aid Highway,Yes,Driver,Male,St. Paul,55102,Male,Richfield,55419,Yes,Suspected Minor Injury,No,"{'latitude': '44.948381', 'longitude': '-93.187347'}",1,17,4,,,,,,,,,,,,39,33
728,Bike,Yes,2016-08-28T12:12:00.000,16-173737,Eastern District,Earl St & Margaret St,Municipal Aid Street,No,None,Male,St. Paul,55101,Male,Woodbury,55125,Yes,Possible Injury,No,"{'latitude': '44.961264', 'longitude': '-93.055847'}",1,15,2,,,,,,,,2,No,30,,54,37
729,Bike,Yes,2017-06-08T21:00:00.000,17-131552,Western District,University Ave W & Prior Ave N,County - State Aid Highway,No,None,Female,St. Paul,55104,Unknown,Unknown,Unknown,Yes,Suspected Minor Injury,No,"{'latitude': '44.95791033', 'longitude': '-93.18226978'}",1,4,4,,,,,,,,4,No,30,"Bike was riding EB on N sidewalk of University at Prior, with walk sign and green light.  Vehicle was SB Prior making a right turn on red, onto WB University and struck bike.  Driver fled.",,42
730,Bike,Yes,2017-07-08T17:24:00.000,17-032070,Metro Transit PD,Rice St & University Ave,County - State Aid Highway,No,None,Male,St. Paul,55106,Female,St. Paul,55103,Yes,Possible Injury,Yes,"{'latitude': '44.95594553', 'longitude': '-93.10605513'}",1,10,7,,,,,,,,4,Yes,30,"Driver SB Rice, making right turn to WB University.  Biker WB in N x-walk.",51,22
731,Bike,Yes,2017-06-01T16:31:00.000,17-124056,Eastern District,Magnolia Ave E & Mendota,City,No,None,Female,St. Paul,55117,Female,Minneapolis,55410,Yes,Suspected Minor Injury,Yes,"{'latitude': '44.973907', 'longitude': '-93.063429'}",1,13,1,,,,,,,,2,Stop Sign,30,"Vehicle was WB Magnolia.  Bike was NB Mendota (stop sign).  Vehicle struck biker, minor injury.",56,16
732,Pedestrian,Yes,2018-08-05T11:55:00.000,18-175111,Eastern District,Payne Ave & Jenks Ave,County - State Aid Highway,Yes,Driver,,,,Female,St. Paul,55130,,,,"{'latitude': '44.971058', 'longitude': '-93.073666'}",1,13,1,40,Male,St. Paul,55106,Yes,Suspected Minor Injury,No,2,No,30,Striking SUV (driver-King) had been SB Payne Avenue at Jenks Avenue and turned into the building to avoid NB Payne vehicle (driver-Lemke) that had started to turn left to go into the dead end via WB Jenks.  Turning vehicle failed to yield to SB Payne SUV.  Pedestrian at SW corner of Payne/Jenks suffered non-life threatening injuries.  The building at 989 Payne was damaged.,26,
733,Bike,Yes,2018-03-02T18:35:00.000,18-044007,Western District,Summit Ave & St. Albans,Municiapl State Aid,Yes,Driver,Male,St. Paul,55103,Male,Woodbury,55125,Yes,Possible Injury,No,"{'latitude': '44.94137136', 'longitude': '-93.12878129'}",1,9,7,,,,,,,,2,No,30,Driver SB St. Albans making left to EB Summit struck biker in bike lane.,22,69
734,Bike,Yes,2017-05-06T21:41:00.000,17-101105,Western District,Howell St N & Marshal,County - State Aid Highway,No,None,Male,St. Paul,55103,Male,Oakdale,55128,Yes,Possible Injury,No,"{'latitude': '44.948401', 'longitude': '-93.180722'}",1,17,4,,,,,,,,2,Stop Sign,30,"Vehicle EB Marshall, making left turn to NB Howell.  Bike EB Marshall, making left turn onto NB Howell.  Conflicting information from both parties.  No independent witnesses.  Unknown who was at fault.  Minor injuries, not transported to hospital.",35,25
735,Pedestrian,Yes,2018-01-18T08:18:00.000,18-011752,Western District,Finn St S & Ford Pkwy,City,No,None,,,,Male,Cottage Grove,55016,,,,"{'latitude': '44.91791767', 'longitude': '-93.18988024'}",1,6,6,55,Female,St. Paul,55104,Yes,Possible Injury,Yes,2,No,30,"Pedestrian was struck by a vehicle that was leaving the parking lot at this location.  Police were not called to the scene, report made at a later time.",61,
736,Pedestrian,Yes,2017-09-08T21:14:00.000,17-213035,Western District,Cretin Ave N & Riverwood,Municipal State Aid,No,None,,,,Male,St. Paul,55104,,,,"{'latitude': '44.9437205', 'longitude': '-93.19252806'}",1,17,4,82,Male,Circle Pines,55014,Yes,Suspected Minor Injury,Yes,4,No,30,Driver SB Cretin.  Pedestrian crossed mid-block and was struck.,21,
737,Bike,Yes,2018-05-05T22:10:00.000,18-094086,Central District,5 St E & Wall St,Municiapl State Aid,Yes,Biker,Male,St. Paul,55130,Female,Hudson (WI),54016,No,None,No,"{'latitude': '44.94981959', 'longitude': '-93.08586789'}",1,12,5,,,,,,,,3,Yes,30,"Driver was NB on Wall St with a green light.  Biker was WB on 5th and drove into car (against red light).  Biker fled, but was located and arrested for a warrant.",32,35
738,Pedestrian,Yes,2018-06-07T16:04:00.000,18-122957,Central District,Wabasha St & Exchange St,Municiapl State Aid,Yes,Pedestrian,,,,Female,St. Paul,55106,,,,"{'latitude': '44.94909393', 'longitude': '-93.09768645'}",1,12,5,52,Male,St. Paul,55104,Yes,Suspected Minor Injury,No,3,Yes,30,Pedestrian was walking SB on Wabasha and crossing Exchange on a red light.  Driver was EB with a green light.  Driver did not see pedestrian and struck the pedestrian.  Ped cited for failure to obey red light.,67,
739,Pedestrian,Yes,2016-06-07T13:38:00.000,16-112848,Western District,1390 University Ave W,County - State Aid Highway,No,None,,,,Male,Unknown,Unknown,,,,"{'latitude': '44.953999', 'longitude': '-93.157953'}",1,17,7,83,Female,Eagan,55121,Yes,Suspected Minor Injury,No,,,,,,
740,Bike,No,2016-11-20T12:14:00.000,16-238630,Western District,1450 University Ave W (Herberger's Parking Lot),Private Parking Lot,No,None,Unknown,Unknown,Unknown,Unknown,Unknown,Unknown,No,None,No,"{'latitude': '44.955134', 'longitude': '-93.160424'}",1,17,7,,,,,,,,Private,No,10,"Vehicle Vs. Bike in parking lot, comments in call said low speed and no damage.  No further information available, no report made.",,
741,Bike,No,2017-05-18T14:12:00.000,17-111243,Western District,Snelling Ave N & Dayton Ave,State - Trunk Highway,No,None,Unknown,Unknown,Unknown,Unknown,Unknown,Unknown,Unknown,Unknown,Unknown,"{'latitude': '44.947396', 'longitude': '-93.167002'}",1,17,4,,,,,,,,4,No,30,"No Report, e-mailed officer",,
742,Pedestrian,Yes,2017-05-01T14:35:00.000,17-095986,Central District,Grand Ave & Smith Ave N,Municipal State Aid,Yes,Driver,,,,Male,Mahtomedi,55115,,,,"{'latitude': '44.941304', 'longitude': '-93.109407'}",1,11,5,35,Female,St. Paul,55101,Yes,Suspected Minor Injury,Yes,4,Yes,30,"Vehicle was EB grand making a left turn onto NB Smith.  Pedestrian was crossing NB across smith in E x-walk with right of way.  Driver struck pedestrian, stating he did not see him.  Suspected minor injury.  Driver cited.",39,
743,Pedestrian,Yes,2018-01-03T08:30:00.000,18-001629,Western District,University Ave W & Snelling Ave N,County - State Aid Highway,No,None,,,,Unknown,Unknown,Unknown,,,,"{'latitude': '44.95574611', 'longitude': '-93.16690299'}",1,4,4,21,Female,Minneapolis,55412,Yes,Suspected Minor Injury,No,6,Yes,30,Pedestrian was crossin NB on E side of Snelling with right of way.  Vehicle was WB making right to NB Snelling without slowing/stopping and struck pedestrian.  Vehicle fled the scene.,,