,crash_type,report_made,date_time,case_number,district,location,road_type,ticket_arrest,citation_to,biker_gender,biker_city_of_residence,biker_zip_code,driver_gender,driver_city_res,driver_zip_code,injury_to_biker,level_of_injury_to_biker,biker_to_hospital,location_1,count,:@computed_region_jitf_9zyt,:@computed_region_dysk_fpxp,ped_age,ped_gender,ped_city_res,ped_zip_code,injury_to_pedestrian,level_of_injury_to_ped,pedestrian_to_hospital,lanes_of_traffic,signal_present,speed_limit,synopsis,driver_age,biker_age
744,Bike,Yes,2018-06-14T18:19:00.000,18-129108,Central District,7 Pl E & St. Peter St,Municiapl State Aid,No,None,Male,Minneapolis,55414,Male,Spring Valley,51767,No,None,No,"{'latitude': '44.94776123', 'longitude': '-93.09807996'}",1,12,5,,,,,,,,3,Yes,30,"Bicyclist was southbound St. Peter St. Vehicle was southbound St. Peter St. Turned left from the right hand lane, cutting off the bicyclist. Bicyclist ran into the vehicle.",72,29
745,Bike,Yes,2018-06-23T17:03:00.000,18-137323,Western District,Como Ave & Winston,County - State Aid Highway,Yes,Driver,Female,Hugo,55038,Male,Roseville,55113,Yes,Possible Injury,No,"{'latitude': '44.9772932', 'longitude': '-93.16952755'}",1,,,,,,,,,,4,No,30,"Biker traveled east on como/Winston. Driver attempted to turn left (south) onto Winston from westbound como. They collided. driver stated they did not see biker. issued driver a citation for FTY-LEFT TURN (620905054254).
Biker complained of minor back pain and was seen by st. paul medics (run#: 22561)",63,18
746,Pedestrian,Yes,2017-07-03T02:02:00.000,17-152108,Central District,Larpenteur Ave E & Wanda Street,County - State Aid,Yes,Driver,,,,Male,Savage,55378,,,,"{'latitude': '44.9918389', 'longitude': '-93.09749051'}",1,,,41,Male,St. Paul,55117,Yes,FATAL,Yes,4,No,30,"Pedestrian was walking on S side of roadway, no sidewalk present.  Driver was EB Larpentuer and struck pedestrian.  Driver was impaired and was arrested.  Pedestrian was killed.",38,
747,Pedestrian,Yes,2017-01-19T19:47:00.000,17-013492,Western District,Selby Ave & Fisk Street,County - State Aid Highway,No,None,,,,Male,Minneapolis,55413,,,,"{'latitude': '44.94662454', 'longitude': '-93.13584963'}",1,9,7,12,Male,Minneapolis,55454,Yes,Suspected Minor Injury,Yes,2,No,30,Vehicle was driving EB on Selby near Fisk/Victoria.  12 y/o Pedestrian darted across the street and was struck by vehicle.  No citations issued due to age of pedestrian.,74,
748,Pedestrian,Yes,2017-10-18T17:39:00.000,17-245876,Western District,Milton St N & Dayton Ave,City,No,None,,,,Female,St. Paul,55104,,,,"{'latitude': '44.94744765', 'longitude': '-93.13865548'}",1,9,7,3,Male,St. Paul,55104,Yes,Suspected Minor Injury,Yes,2,No,30,3 y/o ran across street and was struck by vehicle.,73,
749,Bike,Yes,2017-11-10T16:53:00.000,17-262906,Central District,Kellogg Bd E & Broadway St,Municipal State Aid,No,None,Male,St. Paul,55106,Female,St. Paul,55106,Yes,Possible Injury,Yes,"{'latitude': '44.94865396', 'longitude': '-93.08366591'}",1,12,5,,,,,,,,4,Yes,30,Driver of Unit 1 was traveling EB on Kellogg and claimed to have the green light at Broadway. Driver of Unit 2 apparently attempted to cross on Broadway from the south side of Kellogg to the north side of Kellogg on his bike. Unit 1 struck Unit 2 causing him to come up and unto her windshield. Driver of Unit 2 smelled of consumed alcoholic beverage and was transported to Region's Hospital with apparent non life threatening injuries by SPFD. He did not remember anything from the event. Nothing further at this time.,26,41
750,Pedestrian,Yes,2017-09-03T14:33:00.000,17-208422,Western District,Lexington Pkwy N & Fuller Ave,Parking Lot,No,None,,,,Unknown,Unknown,Unknown,,,,"{'latitude': '44.953931', 'longitude': '-93.146538'}",1,9,7,12,Male,St. Paul,55104,Yes,Possible Injury,Yes,Private,No,10,"Driver SB in parking lot of DQ.  Pedestrian was riding on top of hood.  Vehicle stopped, causing pedestrian to fall off hood.  Vehicle fled.",,
751,Pedestrian,Yes,2018-01-29T18:30:00.000,18-020126,Eastern District,Reaney Ave & Ruth,Municiapl State Aid,No,None,,,,Female,St. Paul,55119,,,,"{'latitude': '44.96397005', 'longitude': '-93.01513372'}",1,14,2,26,Male,Minneapolis,55419,No,None,No,2,No,30,"Driver stopped at a stop sign, then drove into a pedestrian that was crossing the street.",70,
752,Pedestrian,Yes,2017-06-30T21:29:00.000,17-149971,Central District,10th St E & Cedar St,Municipal State Aid,Yes,Driver,,,,Female,St. Paul,55101,,,,"{'latitude': '44.95024535', 'longitude': '-93.09688845'}",1,12,5,20,Female,St. Paul,55104,Yes,Suspected Minor Injury,Yes,2,Yes,30,Driver was WB 10th making right turn to NB Cedar on green light.  Pedestrian crossing in N x-walk and was struck by driver.  Driver did not see the pedestrian,31,
753,Pedestrian,Yes,2018-06-11T22:36:00.000,18-126670,Central District,Jackson St N & Lawson Ave E,County - State Aid Highway,Yes,Driver,,,,Female,Inver Grove Heights,55077,,,,"{'latitude': '44.97201891', 'longitude': '-93.09641005'}",1,3,3,38,Male,St. Paul,55130,Yes,Possible Injury,No,2,No,30,"On 06/11/2018 at approximately 2230 hours Unit #1 was travelling Southbound on Jackson St and while turning Eastbound on Lawson St struck a pedestrian. Paramedics arrived on scene and evaluated the pedestrian, but did not transport him to the hospital.  DARIANA AMELIA REYNOLDS (F,18YOA, cited, failure to yield to pedestrian in crosswalk).",18,
754,Pedestrian,Yes,2016-07-11T12:31:00.000,16-139346,Eastern District,Edgerton St & Maryland Ave,County - State Aid Highway,No,None,,,,Male,New Germany,55367,,,,"{'latitude': '44.977422', 'longitude': '-93.076079'}",1,13,1,13,Female,St. Paul,55106,Yes,Possible Injury,No,4,Yes,30,,54,
755,Pedestrian,Yes,2016-03-31T15:34:00.000,16-061306,Central District,10th Street E & Robert St,,Yes,Driver,,,,Male,Arden Hills,55112,,,,"{'latitude': '44.951343', 'longitude': '-93.09464'}",1,12,5,36,Female,Centerville,55038,No,None,No,,,,,69,
756,Pedestrian,Yes,2016-02-02T13:46:00.000,16-021268,Eastern District,7th St E & Maria,,No,,,,,Male,Woodbury,55125,,,,"{'latitude': '44.95811392', 'longitude': '-93.07384228'}",1,15,2,21,Male,Chanhassen,55317,Yes,Suspected Minor Injury,No,,,,,26,
757,Bike,Yes,2016-08-05T19:51:00.000,16-156520,Western District,University Ave W & Western Ave N,County - State Aid Highway,No,None,Male,St. Paul,55106,Male,Inver Grove Heights,55076,Yes,Suspected Minor Injury,Yes,"{'latitude': '44.955701', 'longitude': '-93.11613'}",1,9,7,,,,,,,,4,Yes,30,,20,26
758,Bike,Yes,2016-09-03T00:34:00.000,16-178670,Western District,Dunlap St N & University Ave W,County - State Aid Highway,No,None,Male,St. Paul,55106,Male,St. Paul,55104,No,None,No,"{'latitude': '44.95565', 'longitude': '-93.149167'}",1,17,7,,,,,,,,4,No,30,,41,29
759,Pedestrian,Yes,2016-05-07T00:00:00.000,16-088766,Eastern District,1321 Reaney Ave,City Street,No,None,,,,Unknown,Unknown,Unknown,,,,"{'latitude': '44.9641675', 'longitude': '-93.0451873'}",1,14,2,22,Male,Minneapolis,55025,Yes,Suspected Minor Injury,Yes,,,,,,
760,Bike,Yes,2016-05-03T07:40:00.000,16-084902,Western District,Ford Pkwy & Woodlawn,County - State Aid Highway,No,None,Female,Minneapolis,55406,Female,St. Paul,55116,Yes,Possible Injury,No,"{'latitude': '44.919727', 'longitude': '-93.195398'}",1,6,6,,,,,,,,,,,,28,24
761,Bike,Yes,2016-08-17T18:26:00.000,16-165408,Western District,Raymond Ave & Hampden,County - State Aid Highway,No,None,Male,Maple Plain,55359,Female,St. Paul,55103,No,None,No,"{'latitude': '44.969354', 'longitude': '-93.197797'}",1,1,4,,,,,,,,2,No,30,,36,26
762,Pedestrian,Yes,2016-11-13T13:10:00.000,16-233730,Western District,Snelling Ave S & Juliet St,State - Trunk Highway,No,None,,,,Male,Bloomington,55425,,,,"{'latitude': '44.92969071', 'longitude': '-93.16713766'}",1,5,6,18,Female,"Berkely, CA",94710,Yes,Suspected Serious Injury,Yes,4,No,30,Ped crossing E to W in unmarked x-walk.  1 vehicle stopped and ped started to walk.  Another vehicle went around stopped vehicle SB Snelling and struck the ped.,19,
763,Pedestrian,Yes,2018-05-03T16:51:00.000,18-091885,Western District,Snelling Ave N & Shields Ave,City,No,None,,,,Male,Minneapolis,55414,,,,"{'latitude': '44.95399257', 'longitude': '-93.16727695'}",1,17,4,50,Male,St. Paul,55104,No,None,No,2,Stop Sign,30,"Driver was EB on Shields, making a right turn to SB Snelling.  Pedestrian crossing in crosswalk.  Driver was looking left and started driving, bumping the pedestrian.",38,
764,Pedestrian,Yes,2017-06-14T18:59:00.000,17-136300,Eastern District,723 Plum St,City,Yes,Driver,,,,Female,Oakdale,55128,,,,"{'latitude': '44.95277255', 'longitude': '-93.06455897'}",1,15,2,6,Male,St. Paul,55106,No,None,No,2,No,30,"Driver stated she was traveling Westbound on Plum St. when the juvenile pedestrian ran South across Plum St. between two parked vehicles, and struck the pedestrian. The pedestrian was attended to by Medics but was released to mother on scene.",18,
765,Bike,Yes,2017-08-04T08:33:00.000,17-181771,Central District,Shepard Rd & Washington,City,Yes,Driver,Male,St. Paul,55116,Female,St. Paul,55102,No,None,No,"{'latitude': '44.93821182', 'longitude': '-93.1040663'}",1,11,5,,,,,,,,2,Yes,30,Driver NB Washington to EB Shepard.  Biker WB Shepard in S x-walk.,41,57
766,Pedestrian,Yes,2017-03-30T23:13:00.000,17-069070,Western District,Grand Ave & Hamline Ave N,Municipal State Aid,No,None,,,,Unknown,Unknown,Unknown,,,,"{'latitude': '44.93964413', 'longitude': '-93.15696221'}",1,5,6,66,Female,Oakdale,55128,Yes,Suspected Serious Injury,Yes,3,Yes,30,Pedestrians had left green mill and were crossing Hamline Ave when a vehicle travelling NB on Hamline at a high rate of speed struck one of them.  Vehicle fled the scene and did not stop.  Police were unable to locate the vehicle at the time.  Investigation is on-going.  Suspected serious injuries to the pedestrian.,,
767,Bike,Yes,2017-11-26T00:10:00.000,17-273797,Central District,7 St W & Grand Ave,State - Trunk Highway,Yes,Driver,Male,St. Paul,55107,Male,St. Paul,55106,Yes,FATAL,,"{'latitude': '44.94131893', 'longitude': '-93.10670907'}",1,11,5,,,,,,,,4,Yes,30,"Hit and Run Crash: Biker was struck, vehicle fled.  Biker died on 12/7/2017.  Investigation located suspect and arrest has been made.",28,52
768,Pedestrian,Yes,2016-10-26T06:42:00.000,16-220286,Central District,7th St E & Wall St,State - Trunk Highway,Yes,Driver,,,,Male,St. Paul,55106,,,,"{'latitude': '44.951457', 'longitude': '-93.087417'}",1,12,5,67,Male,Stillwater,55082,Yes,Possible Injury,Yes,5,Yes,30,"Ped crossing 7th Street.  Vehicle NB Wall at 7, making left turn.  Driver did not see ped and struck ped who was in crosswalk and had a walk sign.",47,
769,Pedestrian,Yes,2016-10-02T11:05:00.000,16-201547,Western District,Dale St N & University Ave W,County - State Aid Highway,Yes,Pedestrian,,,,Male,Burnsville,55337,,,,"{'latitude': '44.95597', 'longitude': '-93.127475'}",1,10,7,21,Male,St. Paul,55103,Yes,Suspected Minor Injury,No,5,Yes,30,,33,
770,Pedestrian,Yes,2017-01-05T17:47:00.000,17-003366,Western District,Virginia St & Selby Ave,Munincipal State Aid,No,None,,,,Unknown,Unknown,Unknown,,,,"{'latitude': '44.94658793', 'longitude': '-93.11496148'}",1,9,7,48,Male,St. Paul,55102,No,None,No,2,No,30,Pedestrian was in a wheelchair crossing Virginia in the South crosswalk of Selby Ave.  Vehicle struck the pedestrian and fled the scene.  No suspect information.,,
771,Pedestrian,Yes,2017-07-17T16:00:00.000,17-165792,Central District,Rice St & University Ave,County - State Aid,No,None,,,,Female,St. Paul,55106,,,,"{'latitude': '44.95588015', 'longitude': '-93.10598678'}",1,10,7,17,Male,St. Paul,55103,Yes,Possible Injury,Yes,4,Yes,30,Driver was EB University with a green light.  Pedestrian ran SB in E x-walk against red light and was struck by vehicle.  No citations issued.,58,
772,Pedestrian,Yes,2017-02-01T06:44:00.000,17-022525,Western District,Grand Ave & Lexington Pkwy,County - State Aid Highway,Yes,Driver,,,,Female,Inver Grove Heights,55076,,,,"{'latitude': '44.9528806', 'longitude': '-93.01267236'}",1,16,2,17,Male,St. Paul,55105,Yes,Suspected Minor Injury,No,4,Yes,30,"Vehicle was SB Lexington, making a left turn onto EB Grand.  Pedestrian was crossing legally in marked x-walk on E side of intersection.  Vehicle struck pedestrian.  Driver cited for failure to yield to pedestrian in the crosswalk.  Minor injury to pedestrian, not transported. (SRTS)",41,
773,Bike,Yes,2016-06-30T19:02:00.000,16-131340,Western District,Marshall Ave & Syndicate St N,County - State Aid Highway,Yes,Biker,Male,St. Paul,55104,Female,St. Paul,55105,Yes,Possible Injury,No,"{'latitude': '44.948526', 'longitude': '-93.154264'}",1,17,7,,,,,,,,,,,,43,56
774,Bike,Yes,2017-07-05T08:53:00.000,17-154111,Western District,Ford Pkwy & Mississippi River Blvd,County - State Aid,No,None,Male,Minneapolis,55408,Unknown,Unknown,Unknown,Yes,Suspected Minor Injury,No,"{'latitude': '44.91788313', 'longitude': '-93.19799252'}",1,6,6,,,,,,,,4,No,30,Biker was riding EB on N sidewalk.  Vehicle was entering Ford from Mississippi River Blvd and struck biker.  Vehicle then fled.,,
775,Pedestrian,Yes,2017-03-06T21:00:00.000,17-049033,Central District,7th St E & Wall Street,State - Trunk Highway,No,None,,,,Unknown,Unknown,Unknown,,,,"{'latitude': '44.951457', 'longitude': '-93.087417'}",1,12,5,44,Male,St. Paul,55101,Yes,Suspected Minor Injury,No,4,Yes,30,"Pedestrian was crossing the street at 7th Street East/Wall Street (south side of the street). A vehicle making a left turn onto 7th Street East from Wall Street hit a pedestrian on his right leg. The vehicle, a maroon Dodge Caravan (Unknown license plate), sped away after hitting the pedestrian. The victim sustained minor injuries (scratches/scrapes).",,
776,Bike,No,2016-05-21T11:56:00.000,16-099206,Western District,Ford Pkwy & Finn St,County - State Aid Highway,No,None,Female,St. Paul,55116,Unknown,Unknown,Unknown,No,None,No,"{'latitude': '44.91796357', 'longitude': '-93.18988531'}",1,6,6,,,,,,,,,,,,,44
777,Pedestrian,Yes,2016-12-13T12:23:00.000,16-254951,Central District,7th Place & Wabasha St N,Municipal Aid Street,No,None,,,,Male,Unknown,Unknown,,,,"{'latitude': '44.968003', 'longitude': '-93.02777048'}",1,14,1,25,Male,Little Canada,55113,Yes,Suspected Minor Injury,Yes,2,Yes,30,Pedestrian hit by vehicle backing across crosswalk.  Laceration to head.  Suspect Black Male wearing MN Twins clothing driving gray Audi or Chrysler.  Video requested from area businesses.  Report Written.,,
778,Bike,Yes,2017-09-18T13:45:00.000,17-220914,Western District,Lexington Pkwy & Concrordia,County - State Aid Highway,No,None,Female,St. Paul,55104,Female,Minneapolis,55412,Yes,Suspected Minor Injury,No,"{'latitude': '44.951615', 'longitude': '-93.146753'}",1,17,7,,,,,,,,4,Yes,30,Biker in W x-walk was struck by right turning vehicle.,29,18
779,Bike,Yes,2016-09-23T15:42:00.000,16-194671,Eastern District,Johnson Pkwy & Minnehaha,County - State Aid Highway,No,None,Male,St. Paul,55106,Female,St. Paul,55106,Yes,Suspected Minor Injury,Yes,"{'latitude': '44.96319948', 'longitude': '-93.04592469'}",1,14,2,,,,,,,,3,Yes,30,,58,16
780,Pedestrian,Yes,2018-08-13T17:30:00.000,18-182845,Eastern District,Edgerton & York,City,No,None,,,,Female,St. Paul,55130,,,,"{'latitude': '44.96845727', 'longitude': '-93.07511888'}",1,13,1,7,Female,St. Paul,55106,Yes,Suspected Minor Injury,Yes,2,No,30,Child ran into street and driver was unable to stop in time.,29,
781,Pedestrian,Yes,2017-09-29T15:23:00.000,17-230833,Eastern District,Burr St & Maryland Ave,County - State Aid Highway,No,None,,,,Male,St. Paul,55116,,,,"{'latitude': '44.97740953', 'longitude': '-93.07985538'}",1,13,3,38,Male,St. Paul,55130,Yes,Suspected Minor Injury,No,4,No,30,Pedestrian was crossing Maryland and struck by vehicle.,48,
782,Pedestrian,Yes,2018-01-26T19:35:00.000,18-018234,Western District,Hamline Ave S & James St,Municiapl State Aid,No,None,,,,Unknown,Unknown,Unknown,,,,"{'latitude': '44.92786488', 'longitude': '-93.1568208'}",1,5,6,46,Female,St. Paul,55105,Yes,Suspected Serious Injury,Yes,2,No,30,Pedestrian was walking NB in street (due to snowy sidewalks) and was struck by unknown brown vehicle that fled the scene.,,
783,Pedestrian,Yes,2018-07-23T12:49:00.000,18-163972,Central District,9th St E & Minnesota,Municiapl State Aid,No,None,,,,Male,St. Paul,55106,,,,"{'latitude': '44.95000977', 'longitude': '-93.09462015'}",1,12,5,65,Female,St. Paul,55101,Yes,Suspected Minor Injury,No,2,No,30,Driver was backing out of a parking lot onto 9th street and did not see the pedestrian in her wheel chair.,39,
784,Pedestrian,Yes,2018-04-08T00:10:00.000,18-071226,Western District,1412 Carling Drive,Private,No,None,,,,Male,Inver Grove Heights,55076,,,,"{'latitude': '44.97297616', 'longitude': '-93.15835969'}",1,2,4,27,Male,St. Paul,55108,Yes,Suspected Minor Injury,No,0,No,10,Vehicle was parked in driveway of apartment building to let a passenger out.  When the person got out the driver started moving and caused the pedestrian to fall under the vehicle and get run over.,25,
785,Pedestrian,Yes,2017-07-23T15:22:00.000,17-171167,Eastern District,White Bear Ave & Idaho Ave E,Parking Lot,No,None,,,,Unknown,Unknown,Unknown,,,,"{'latitude': '44.99032112', 'longitude': '-93.02380051'}",1,14,1,22,Female,St. Paul,55106,Yes,Suspected Minor Injury,No,Private,No,10,Driver left store without paying.  Employee trying to stop the driver was struck by the vehicle and drug.  Vehicle fled prior to police arriving.,,
786,Pedestrian,Yes,2016-09-29T15:56:00.000,16-199185,Western District,Grand Ave & Saratoga St,Municipal Aid Street,No,None,,,,Female,St. Paul,55104,,,,"{'latitude': '44.94026', 'longitude': '-93.164641'}",1,5,6,69,Female,St. Paul,55102,Yes,Suspected Serious Injury,Yes,3,No,30,,26,
787,Pedestrian,Yes,2017-11-06T14:45:00.000,17-259754,Eastern District,Payne Ave & Maryland Ave E,County - State Aid Highway,No,None,,,,Unknown,Unknown,Unknown,,,,"{'latitude': '44.97747097', 'longitude': '-93.07349307'}",1,13,1,30,Male,St. Paul,55106,Yes,Possible Injury,Yes,4,Yes,30,Pedestrian called after the fact and stated he was jay-walking against the light n/b across Maryland Ave at Payne (against the red). He said while he was trying to beat traffic running n/b his left foot became injured by a w/b car. He said the car nearly struck him or hit his leg as he ran n/b across traffic. He could only tell officers that the car was black in color. He did not see what make or model the car was and could not describe any driver. His info of the incident was vague and limited.  No further info.,,
788,Bike,Yes,2017-07-29T09:58:00.000,17-176327,Eastern District,Johnson Pkwy & Maryland Ave,County - State Aid Highway,No,None,Male,Maplewood,55109,Male,St. Paul,55106,Yes,Possible Injury,No,"{'latitude': '44.97754288', 'longitude': '-93.0469697'}",1,13,1,,,,,,,,5,Yes,30,Biker was crossing SB Maryland in E x-walk.  Driver said he was distracted by a passenger and his vehicle lurched forward and struck the biker.  Minor injuries.,47,67
789,Bike,Yes,2017-06-23T11:07:00.000,17-143201,Western District,Thomas Ave W & Dale St N,County - State Aid,No,None,Male,St. Paul,55106,Unknown,Unknown,Unknown,No,None,No,"{'latitude': '44.9593664', 'longitude': '-93.12606402'}",1,10,7,,,,,,,,4,Yes,30,Unit 1 struck unit 2. Drv of unit 1 fled the scene without stopping to provide her information.  Unit 2 said he got the license plate from unit 1 as MN (LYN597) but it squad ran the license plate and it came back not on file.,,31
790,Pedestrian,Yes,2017-03-24T10:54:00.000,17-063409,Eastern District,Reaney Ave & Winthrop St,City,No,None,,,,Unknown,Unknown,Unknown,,,,"{'latitude': '44.96352742', 'longitude': '-93.01016055'}",1,14,2,22,Female,St. Paul,55119,Yes,Suspected Serious Injury,Yes,2,No,30,"Hit and Run Crash: Vehicle was WB in Alley (s of Reaney, n o Minnehaha) towards Winthrop.  Pedestrian was walking southbound on east sidewalk of Winthrop.  Vehicle 1 approached intersection and failed to slow or stop, striking the pedestrian, causing suspected serious injury.  Vehicle fled the scene.",,
791,Pedestrian,Yes,2018-05-26T22:00:00.000,18-112699,Western District,Western Ave N & Concordia,Municiapl State Aid,Yes,Pedestrian,,,,Female,Maplewood,55109,,,,"{'latitude': '44.95004678', 'longitude': '-93.11616747'}",1,9,7,69,Female,St. Paul,55104,Yes,Possible Injury,Yes,2,No,30,"Vehicle was SB on Western.  Pedestrian suddenly left the curb, mid-block, and was struck by vehicle.  Pedestrian cited for violation.",23,
792,Pedestrian,Yes,2016-10-05T15:34:00.000,16-204238,Central District,7 St E & Olive,State - Trunk Highway,Yes,Driver,,,,Male,Maplewood,55119,,,,"{'latitude': '44.95295951', 'longitude': '-93.08528582'}",1,15,5,23,Female,St. Paul,55106,Yes,Suspected Minor Injury,Yes,5,No,30,,31,
793,Pedestrian,Yes,2016-06-10T00:00:00.000,16-115571,Western District,Hamline Ave S & Goodrich Ave,Municipal Aid Street,Yes,Driver,,,,Male,Robbinsdale,55422,,,,"{'latitude': '44.937909', 'longitude': '-93.156832'}",1,5,6,30,Female,St. Paul,55105,Yes,Suspected Minor Injury,No,,,,,18,
794,Pedestrian,Yes,2018-11-09T02:10:00.000,18-410074,State Patrol,I94 & John Ireleand,State - Trunk Highway,Yes,Driver,,,,Female,St. Paul,55104,,,,"{'latitude': '44.94994152', 'longitude': '-93.10303761'}",1,12,5,25,Male,Woodbury,55125,Yes,Possible Injury,No,6,No,55,"Driver crashed on freeway, exited vehicle to check damage and was struck by another driver who lost control on icy surface of roadway.",27,
795,Pedestrian,Yes,2019-03-14T13:00:00.000,19-051997,Central District,7 Pl & Robert,Municiapl State Aid,No,None,,,,Male,Coon Rapids,55433,,,,"{'latitude': '44.949004', 'longitude': '-93.092385'}",1,12,5,54,Female,Inver Grove Heights,55076,Yes,Possible Injury,No,2,Yes,30,Driver  East bound on 7th place approaching Robert street.  Driver turned left and struck pedestrian.  Driver may have been distracted by a cellphone.,38,
796,Pedestrian,Yes,2018-12-29T06:43:00.000,18-411731,State Patrol,I94 & Dale St,State - Trunk Highway,No,None,,,,Female,St. Paul,55104,,,,"{'latitude': '44.95193506', 'longitude': '-93.12885516'}",1,9,7,32,Male,Unknown,Unknown,Yes,FATAL,Yes,4,No,55,"V1 WAS IN THE RL.PEDESTRIAN WAS LYING IN THE RL AFTER HAVING JUMPED OFF WALKING BRIDGE LOCATED ABOVE I94 NEAR DALE ST.V1 STRUCK PEDESTRIAN.SEE CRASH RECONSTRUCTIONIST, SGT. DIXON, REPORT FOR FURTHER DETAILS.",57,
797,Pedestrian,Yes,2018-08-19T22:15:00.000,18-188584,Western District,Dale St N & Edmund St,County - State Aid Highway,No,None,,,,Female,St. Paul,55117,,,,"{'latitude': '44.95847489', 'longitude': '-93.1263753'}",1,10,7,30,Male,St. Paul,55106,Yes,Suspected Serious Injury,Yes,4,No,30,"Driver was SB Dale, peds crossing at Edmund.  Driver did not see them until too late and was unable to stop.",63,
798,Pedestrian,Yes,2019-01-15T07:25:00.000,19-010516,Eastern District,3rd St E & Germain,Municiapl State Aid,No,None,,,,Male,St. Paul,55130,,,,"{'latitude': '44.95673692', 'longitude': '-93.03305172'}",1,16,2,16,Male,St. Paul,55106,Yes,Suspected Minor Injury,Yes,2,Stop Sign,30,"VEH 1 WAS TRAVELING SOUTH ON GERMAIN AND HAD STOPPED FOR THE STOP SIGN AT 3RD STREET.  VEH BEGAN A RIGHT HAND TURN ONTO WESTBOUND 3RD STREET AND AT SOME POINT DURIGN THE TURN, STRUCK PED 1 WHO WAS CROSSING SOUTH ON 3RD STREET AT OR NEAR GERMAIN.  IT IS UNKNONW IF PED 1 WAS AT THE INTERSECTION AS VEH DID NOT SEE PED 1 AND PED 1 WAS UNCOOPERATIVE WITH POLICE.NO ONE WAS CITED FOR THIS COLLISION.",65,
799,Bike,Yes,2018-08-25T19:13:00.000,18-193912,Western District,Prior & St. Clair,Municiapl State Aid,No,None,Male,St. Paul,55116,Female,Minneapolis,55406,No,None,No,"{'latitude': '44.93423469', 'longitude': '-93.18224517'}",1,5,6,,,,,,,,2,Stop Sign,30,Witness stated biker did not stop for stop sign and struck vehicle.,71,52
800,Pedestrian,Yes,2019-01-23T15:29:00.000,19-016562,Western District,7 St W & Madison St,State - Trunk Highway,Yes,Driver,,,,Male,St. Paul,55116,,,,"{'latitude': '44.90458885', 'longitude': '-93.16437201'}",1,6,6,16,Female,St. Paul,55105,Yes,Suspected Minor Injury,Yes,2,No,40,"Unit 1 (vehicle) was traveling westbound on 7th St W and making a left turn to go southbound on Madison St. Unit 2 (pedestrian) was walking eastbound through the crosswalk over Madison at 7th. Driver said he did not see pedestrian in time and could not stop. Driver was cited for failure to yield to a pedestrian in the crosswalk and pedestrian was transported to United. Possible fracture to right foot, scrapes on lower left leg. A witness said that the vehicle turned onto Madison St and hit the pedestrian. The witness said that the pedestrian fell down, then got up and stumbled to the east sidewalk where she fell down.",41,
801,Bike,Yes,2019-06-18T08:30:00.000,19-130444,Central District,Robert & 5th St,Municiapl State Aid,No,None,Male,Oakdale,55128,Female,West St. Paul,55118,Yes,Suspected Minor Injury,Yes,"{'latitude': '44.94746714', 'longitude': '-93.09080139'}",1,12,5,,,,,,,,4,Yes,30,Bike Crash: From witnesses the bicycle was riding the wrong way on the side walk out onto the street(w/b in the E/B lanes).  The vehicle was N/B Robert street and ran a red light striking the Bicycle.  The driver of the car stopped and gave her information to the bicyclist then left.  The bicyclist was going to go to the hospital via personal transport.,19,34
802,Pedestrian,Yes,2018-08-29T16:07:00.000,18-197314,Eastern District,Case Ave E & Arkwright,Municiapl State Aid,No,None,,,,Male,St. Paul,55117,,,,"{'latitude': '44.97022425', 'longitude': '-93.08246208'}",1,13,3,36,Female,St. Paul,55119,No,None,No,2,No,30,"VEHICLE 1 was travelling westbound on Case avenue when a pedestrian had ran out into the roadway, between two legally parked vehicles, and struck the pedestrian. The pedestrian had struck the middle of the front bumper and fell to the ground. The pedestrian did not have any marks on her arms. No marks were observed on the vehicle.",61,
803,Bike,Yes,2018-10-15T19:22:00.000,18-237221,Central District,Maryland Ave E & Sylvan,County - State Aid Highway,Yes,Driver,Male,Little Canada,55117,Male,St. Paul,55117,Yes,Suspected Minor Injury,No,"{'latitude': '44.9774406', 'longitude': '-93.10140905'}",1,3,3,,,,,,,,4,Yes,30,"Driver was WB Maryland, making a right turn to NB Sylvan.  Bike was EB on N sidewalk and was struck by vehicle.  Driver cited.",53,16
804,Pedestrian,Yes,2019-03-18T14:55:00.000,19-055208,Central District,I35E Fwy & Randolph,State - Trunk Highway,Yes,Driver,,,,Female,Little Canada,55117,,,,"{'latitude': '44.92697567', 'longitude': '-93.14450371'}",1,11,5,13,Female,St. Paul,55102,Yes,Possible Injury,Yes,2,Yes,30,"Driver #1  e/b on Randolph, and made a left turn to N/B Hwy 35E on a green light.  Driver did not see the pedestrian in the cross walk until she hit her.Driver #1 was issued a citation #620906224167 Failure to yield to pedestrian in cross walk.",26,
805,Pedestrian,Yes,2019-04-16T16:05:00.000,19-077326,Central District,14th & Jackson,Municiapl State Aid,Yes,Driver,,,,Male,St. Paul,55106,,,,"{'latitude': '44.95529867', 'longitude': '-93.0963418'}",1,12,5,18,Female,St. Paul,55130,Yes,Suspected Minor Injury,Yes,2,Yes,30,"Unit 1 was exiting Regions Hospital westbound on 14th St. turning southbound on Jackson St. Unit 1 stated he did not see unit 2 or 3 crossing. Unit 1 hit unit 2 and 3. Unit 2 stated herself and Unit 3 had a pedestrian crossing symbol prior to entering crosswalk. Unit 2 and 3 sustained scratches, possible bruising and complained of pain in chest, arm, leg and knee. See original report for further information.",68,