,crash_type,report_made,date_time,case_number,district,location,road_type,ticket_arrest,citation_to,biker_gender,biker_city_of_residence,biker_zip_code,driver_gender,driver_city_res,driver_zip_code,injury_to_biker,level_of_injury_to_biker,biker_to_hospital,location_1,count,:@computed_region_jitf_9zyt,:@computed_region_dysk_fpxp,ped_age,ped_gender,ped_city_res,ped_zip_code,injury_to_pedestrian,level_of_injury_to_ped,pedestrian_to_hospital,lanes_of_traffic,signal_present,speed_limit,synopsis,driver_age,biker_age
904,Pedestrian,Yes,2019-06-04T16:30:00.000,19-118561,Central District,Smith & Stevens,State - Trunk Highway,No,None,,,,Female,St. Paul,55116,,,,"{'latitude': '44.92856063', 'longitude': '-93.10191982'}",1,7,5,44,Female,St. Paul,55107,Yes,Suspected Minor Injury,Yes,2,No,30,Unit 1 was traveling northbound on Smith Ave S. Unit 2 was crossing at an unmarked crosswalk eastbound on Stevens St. E. Unit 1 struck unit 2. Unit 2 received injuries to her right leg. Officers took photos of the incident.Unit 2 was transported to a local hospital by St. Paul paramedics. See original report for further details.,94,
905,Bike,Yes,2019-01-10T16:55:00.000,19-007140,Central District,Rice St N & Nebraska,City,No,None,Male,Roseveille,55113,Male,St. Paul,55117,Yes,Possible Injury,No,"{'latitude': '44.98642523', 'longitude': '-93.10599607'}",1,3,3,,,,,,,,2,Yes,30,Driver struck biker who was riding against traffic.  Conflicting information about exact details and no independent witnesses.,59,37
906,Pedestrian,Yes,2018-12-03T12:00:00.000,18-274907,Central District,University Ave E & Jackson St,Private,No,None,,,,Male,Shoreview,55126,,,,"{'latitude': '44.95673048', 'longitude': '-93.09511981'}",1,12,5,34,Female,Rosemount,55068,No,None,No,Parking Lot,No,10,Vehicle backed into a pedestrian in the parking lot.,68,
907,Pedestrian,Yes,2018-11-17T20:48:00.000,18-262921,Central District,Rice St N & Arlington Ave W,County - State Aid Highway,No,None,,,,Unknown,Unknown,Unknown,,,,"{'latitude': '44.98458898', 'longitude': '-93.10585854'}",1,3,3,25,Male,St. Paul,5117,No,None,No,4,Yes,30,Driver was EB Arlington making left to NB rice and struck ped who was in crosswalk.  Vehicle fled.,,
908,Bike,Yes,2018-08-27T13:17:00.000,18-195284,Eastern District,Payne Ave & Case,County - State Aid Highway,No,None,Female,St. Paul,55106,Unknown,Unknown,Unknown,Yes,Possible Injury,Yes,"{'latitude': '44.9702883', 'longitude': '-93.07348389'}",1,13,1,,,,,,,,2,Yes,30,"Unit #1 was stopped southbound on Payne at Case Avenue. After the light cycled to green, unit #1 attempted to make a left turn onto eastbound Case Avenue. Unit #1 collided with unit #2, which was southbound in the northbound bike lane. The driver of unit #2 mentioned that she was in the marked crosswalk. CCTV cameras show that she was actually in the bike lane going the wrong direction prior to the accident. The crash itself was not captured on the CCTV. Unable to locate any independent witnesses while on scene. No citations issued.

 Lime E-Scooter",,17
909,Pedestrian,Yes,2018-09-27T10:10:00.000,18-222449,Western District,University Ave W & Fairview,County - State Aid Highway,Yes,Pedestrian,,,,Male,Oak Grove,55011,,,,"{'latitude': '44.95607176', 'longitude': '-93.17718739'}",1,4,4,60,Female,St. Paul,55102,Yes,Suspected Serious Injury,Yes,4,Yes,30,"Driver was SB on Fairview, turning right onto WB University.  Pedestrian was crossing University against the signal and was struck.    Pedestrian was cited.",54,
910,Pedestrian,Yes,2018-12-23T19:58:00.000,18-290767,Eastern District,Marland Ave E & Barclay St,County - State Aid Highway,No,None,,,,Unknown,Unknown,Unknown,,,,"{'latitude': '44.9775367', 'longitude': '-93.0385466'}",1,14,1,37,Female,St. Paul,55106,Yes,Suspected Minor Injury,Yes,4,No,30,Pedestrian was crossing at the intersection of Barclay St and Maryland Ave E from the south side to the north side of the street from the southeast corner. There is no marked crosswalk at the intersection. Pedestrian had nearly made it across the street when she was struck by V1 in the northernmost lane of westbound traffic. She was struck on the right side and had her left foot run over by V1. V1 did not stop after striking the Pedestrian. She then walked to Walgreens at Maryland Ave and Prosperity St where she called police. She was unable to provide any description of V1 or the driver. A side mirror from the suspect vehicle was recovered from the victim.,,
911,Pedestrian,Yes,2019-06-24T17:20:00.000,19-136441,Central District,5th & Cedar,Municiapl State Aid,Yes,Driver,,,,Male,Woodbury,55125,,,,"{'latitude': '44.94629341', 'longitude': '-93.09315061'}",1,12,5,48,Male,St. Paul,55106,Yes,Suspected Minor Injury,Yes,2,Yes,30,"Driver Unit 1 said he was E/B E. 5th Street turning right to S/B Cedar on a green light.  Unit 1 said he saw a pedestrian crossing from Cedar W/B from the far side of Cedar when he started his turn.  Unit 1 said he was talking to wife, who was the passenger, and did not see the pedestrian crossing Cedar E/B.  Unit 1 struck the pedestrian while he was in the crosswalk.",20,
912,Pedestrian,Yes,2019-01-02T19:00:00.000,19-001218,Eastern District,7 St E & Bates Ave,State - Trunk Highway,Yes,Driver,,,,Female,St. Paul,55106,,,,"{'latitude': '44.9588604', 'longitude': '-93.07248976'}",1,15,2,38,Female,St. Paul,55106,Yes,Possible Injury,Yes,4,Stop Sign,30,Driver was turning EB onto 7th from Bates and struck a pedestrian in the crosswalk.,21,
913,Pedestrian,Yes,2019-03-16T02:35:00.000,19-053308,Eastern District,Maryland Ave E & Desoto,County - State Aid Highway,Yes,Driver,,,,Male,St. Paul,55106,,,,"{'latitude': '44.97738436', 'longitude': '-93.0817748'}",1,13,3,22,Female,St. Paul,55106,Yes,FATAL,Yes,4,No,30,"Hit and Run crash with injuries.  Pedestrian Laying in the southern most lane of eastbound traffic on Maryland.  Pedestrian #1 was transported to the hospital by St. Paul Medics.  There were no vehicles around, involved in the crash.  Debris left on scene indicated that it was a burnt orange vehicle, unknown make, model or plate.There were no witnesses to the incident that we could locate.",17,
914,Bike,Yes,2018-12-14T16:00:00.000,18-283709,Central District,Lillydale & Water St,City,No,None,Male,Rosemount,55068,Male,Spring Lake Park,55384,No,None,No,"{'latitude': '44.93143204', 'longitude': '-93.10307498'}",1,7,5,,,,,,,,2,No,30,Unit 1 and 2 were headed westbound on Water St. Unit one stated there was glare from the sun and did not see unit 2. Unit 1 hit unit 2 with their passenger side mirror. Unit 2 was in the bike lane close to the line but not over it and Unit 1 was in the roadway near the line but not over it.,29,35
915,Pedestrian,Yes,2018-11-04T14:20:00.000,18-252749,Western District,Dale St N & Thomas,County - State Aid Highway,No,None,,,,Female,Maplewood,55109,,,,"{'latitude': '44.95935932', 'longitude': '-93.12639257'}",1,10,7,26,Female,St. Paul,55104,Yes,Suspected Minor Injury,Yes,4,Yes,30,"Hit and Run crash, limited information.  Pedestrian struck.",30,
916,Pedestrian,Yes,2019-04-16T17:10:00.000,19-077397,Western District,Carroll & Cleveland,City,Yes,Driver,,,,Female,St. Paul,55106,,,,"{'latitude': '44.95088608', 'longitude': '-93.18744272'}",1,17,4,22,Female,St. Paul,55104,Yes,Suspected Minor Injury,Yes,2,Stop Sign,30,"Unit 1 was travelling westbound on Carroll Ave. Unit 2 was walking northbound on Cleveland Ave N, crossing Carroll Ave. Unit 1 struck Unit 2 in the middle of the roadway.",25,
917,Pedestrian,Yes,2019-06-13T18:45:00.000,19-126924,Western District,St. Clair & Finn,Municiapl State Aid,Yes,Driver,,,,Male,St. Paul,55105,,,,"{'latitude': '44.93424453', 'longitude': '-93.19049066'}",1,5,6,59,Female,St. Paul,55105,Yes,Suspected Minor Injury,Yes,2,No,30,Unit #1 was making a left hand turn from Finn St onto Saint Claire Ave to go west bound when Unit #1 struck Unit #2. Unit #2 was transported to the hospital and is stable with stitches in her head. Unit # 1 was cited for failure to drive with due care.,60,
918,Pedestrian,Yes,2019-01-05T15:34:00.000,19-003488,Eastern District,7 St E & Arcade St,State - Trunk Highway,No,None,,,,Male,St. Paul,55106,,,,"{'latitude': '44.96204522', 'longitude': '-93.0659822'}",1,15,2,70,Male,St. Paul,55106,Yes,Possible Injury,No,4,Yes,30,Veh 1 was southbound on Arcade Street.  Veh 1 was stopped for a red light at the intersection of 7th Street East.  Veh 1 rolled forward attempting a right turn on to 7th Street East.  The pedestrian stepped off the northwest corner of the intersection attempting to cross Arcade moving eastbound.  Ped was struck by teh vehicle.  The pedestrian was not knocked over.,55,
919,Pedestrian,Yes,2019-02-25T09:10:00.000,19-039433,Eastern District,Edgerton St & Jenks,City,No,None,,,,Unknown,Unknown,Unknown,,,,"{'latitude': '44.97112099', 'longitude': '-93.07635712'}",1,13,3,47,Female,St. Paul,55106,Yes,Possible Injury,No,2,No,30,P1 stated she was standing next to her vehicle waiting for traffic to pass before entering the vehicle. P1 said V1 drove by and struck her left arm with the passenger side mirror of V1. P1 stated the vehicle then drove off without stopping.P1 stated she would self transport to Occupational health to be evaluated for injuries per her workplace policy.V1 is unknown.See packet writer report under same CN for more information.,,
920,Pedestrian,Yes,2019-03-08T15:20:00.000,19-047799,Western District,Snelling Ave N & Thomas,State - Trunk Highway,Yes,Driver,,,,Female,St. Paul,55104,,,,"{'latitude': '44.9591573', 'longitude': '-93.16723843'}",1,4,4,12,Female,St. Paul,55104,Yes,Suspected Minor Injury,Yes,4,Yes,30,Driver was making a right turn from Thomas Ave onto Snelling Ave at a low rate of speed. Ped was walking EB on the sidewalk of Thomas Ave driver hit ped.  Ped was transported to childrens hospital and had minor injuries to her knee.,31,
921,Bike,Yes,2018-08-22T07:40:00.000,18-190626,Western District,Chatsworth & Summit,Municiapl State Aid,Yes,Driver,Male,St. Paul,55105,Male,St. Paul,55105,Yes,Suspected Minor Injury,No,"{'latitude': '44.9413934', 'longitude': '-93.14141975'}",1,9,5,,,,,,,,2,No,30,"Unit #1 was traveling E/B on Summit Av. West of Chatworth St. Unit #2 was traveling on becycle on W/B on Summit Av., East of Chatsworth St.
Driver of Unit #1 stated while he was traveling E/B on Summit Av, he was driving behind two other vehicle that was going N/B on Chatsworth St. He stated he was also going N/B on Chatsworth St. He stated once those vehicle turned N/B on
Chatsworth, he turned as well and struck Unit #2. Unit #2 stated he was traveling on bicycle on W/B on Summit Av, West of Chatsworth St. He stated as he was crossing Chatsworth St., he was struck by Unit #1  Driver cited.",50,52
922,Pedestrian,Yes,2018-11-26T17:40:00.000,18-269468,Western District,St. Anthony Ave W & Lexington Pkwy N,Municiapl State Aid,Yes,Driver,,,,Female,St. Paul,55130,,,,"{'latitude': '44.95208951', 'longitude': '-93.14647862'}",1,9,7,45,Female,St. Paul,55104,Yes,Suspected Minor Injury,Yes,3,Yes,30,"Driver was WB St. Anthony, making a right to NB Lex and struck pedestrian.  Driver cited for FTY Ped.",65,
923,Pedestrian,Yes,2019-05-06T09:56:00.000,19-093359,Western District,Laurel & Snelling,State - Trunk Highway,Yes,Driver,,,,Male,St. Paul,55106,,,,"{'latitude': '44.94504725', 'longitude': '-93.16708998'}",1,17,4,21,Female,Iowa City (IA),52245,Yes,Suspected Minor Injury,Yes,4,No,30,Driver of unit #1 stated he was traveling south on Snelling Ave N approaching Laurel Ave. Driver of unit #1 stated he collided with a pedestrian who was walking west on Laurel Ave crossing the street. The Pedestrian obtained minor injuries to their right arm. The pedestrian was not transported for their injuries.No damages were observed to unit #1Driver of unit #1 was cited for Misdemeanor Failure to Yield to a Pedestrian.,50,
924,Pedestrian,Yes,2018-09-24T15:15:00.000,18-219808,Eastern District,Jenks Ave & Desoto,City,No,None,,,,Male,St. Paul,55106,,,,"{'latitude': '44.97107315', 'longitude': '-93.08107464'}",1,13,3,13,Female,St. Paul,55106,Yes,Suspected Minor Injury,Yes,2,No,30,"Pedestrian jumped out of a moving vehicle, causing his leg to get run over.",23,
925,Pedestrian,Yes,2019-05-01T00:20:00.000,19-089034,Eastern District,3rd & Etna,Municiapl State Aid,No,None,,,,Unknown,Unknown,Unknown,,,,"{'latitude': '44.95676525', 'longitude': '-93.04247115'}",1,15,2,37,Male,Minneapolis,55404,Yes,Suspected Minor Injury,Yes,2,No,30,"PED WAS CROSSING 3RD STREET NORTHBOUND MIDBLOCK WEST OF ETNA NOT IN CROSSWALK WHICH WAS OBSERVED BY WITNESS.  PED WAS STRUCK BY DARK RED FORD SUV WHICH WAS TRAVELING EASTBOUND 3RD STREET AT APPROXIMATELY 30 TO 35 MPH ACCORDING TO WITNESS.SUV STOPPED MOMENTARILY BEFORE CONTINUING EAST ON 3RD STREET AND AGAIN RUNNING OVER PED LEGS.NO PLATE, FURTHER DESCRIPTION GIVEN.  PED WAS INJURED AND TRASPORTED TO REGIONS BY ST PAUL FIRE WITH NON LIFE THREATENING INJURIES/",,
926,Bike,Yes,2019-06-25T07:03:00.000,19-136855,Central District,Sibley & Warner,County - State Aid Highway,Yes,Biker,Male,Richfield,55423,Male,St. Paul,55102,Yes,Suspected Minor Injury,Yes,"{'latitude': '44.94582546', 'longitude': '-93.08544605'}",1,12,5,,,,,,,,2,Yes,40,"Driver was EB on Sheppard Rd (it then turns into Warner Rd at Jackson) traveling at about 40 mph. He said that as he approached Sibley that the sun was at an angle that it made parts of the road difficult to see. He said that he was traveling in the left straight lane and had a green traffic arrow to proceed straight EB on Warner through the Sibley intersection.  He said that all of the sudden there was a bicylist crossing Wanrer NB in the crosswalk.  He slammed on his brakes and tried to swerve to avoid him.  He made contact with the bicyclist on the front left side of his truck. Witness that stated that driver had a green light and the bicyclist crossed against the red signal.  Biker explained that he was commuting to work from the area of Fort Snelling to 3M.  He explained that he was on the bike path (river side of Warner Rd) and he was crossing Warner at Sibley in the cross walk with the intent of entering Downtown. I asked him what signal he had at the cross walk and he told me that he didn't know.  He told me that he saw the truck (veh# 2) and thought that he was going to turn at Sibley, so he crossed.  I confirmed that he thought that Veh# 2 was going to take a left onto Sibley and that he thought he was then clear to cross.  I asked him again if he knew was signal he had.  Biker then admitted that he had a red signal and that it was his own fault.",38,59
927,Pedestrian,Yes,2019-01-09T17:29:00.000,19-006365,Western District,Dale St N & Summit Ave,County - State Aid Highway,No,None,,,,Female,Roseville,55113,,,,"{'latitude': '44.94148934', 'longitude': '-93.12619257'}",1,9,7,67,Female,St. Paul,55104,Yes,Suspected Serious Injury,Yes,2,Yes,30,Unit 2 (pedestrian) was crossing Dale St going WB on the North side of Summit Ave. Victim was using a marked crosswalk and said she had illuminated &quot;walk&quot; sign. Unit 1 was travelling westbound on Summit and turning to go North bound on Dale St. Unit 1 driver said she did not see Unit 2 (Pedestrian)and struck her.The pedestrian was transported to Regions Hospital for her injury.See Original Report for further information about this incident.Unit 1 was not towed at the scene.SGT. JERUE arrived on scene.,58,
928,Bike,Yes,2019-01-25T16:56:00.000,19-018015,Western District,University Ave W & Raymond,County - State Aid Highway,Yes,Driver,Male,St. Paul,55104,Male,Inver Grove Heights,55077,No,None,No,"{'latitude': '44.96404514', 'longitude': '-93.19761529'}",1,1,4,,,,,,,,4,Yes,30,Driver made right turn and struck biker.  Driver citd.,33,44
929,Ped2,,2019-06-10T12:07:01.000,19-123887,,,,,,,,,,,,,,,"{'latitude': '44.95006082', 'longitude': '-93.08786498'}",1,12,5,35,Female,Champlain,55316,No,None,No,,,,stats for 2nd ped,,
930,Bike,Yes,2019-03-19T16:45:00.000,19-055998,Eastern District,White Bear Ave N & Nebraska,County - State Aid Highway,No,None,Male,St. Paul,55106,Male,Columbia Heights,55421,,,,"{'latitude': '44.98661334', 'longitude': '-93.02525894'}",1,14,1,,,,,Yes,Suspected Minor Injury,Yes,4,No,30,V1 NB in lane 2 on White Bear Avenue. D1 stated B1 came out of no where and he had no time to stop. D1 stated the front driver side of his vehicle struck B1 causing him to fall to the ground.B1 stated he was waiting at the stop sign on Nebraska to cross White Bear Avenue when traffic stopped. B1 stated a vehicle in lane 1 of northbound White Bear Avenue stopped and waved him across. B1 stated he thought the other vehicles were going to stop now and began to cross the street. B1 was knocked from his bicycle by V1.B1 sustained several lacerations to his head and arms.,56,47
931,Pedestrian,Yes,2018-10-04T22:39:00.000,18-228813,Central District,University Ave E & Jackson St,County - State Aid Highway,Yes,Driver,,,,Male,St. Paul,55109,,,,"{'latitude': '44.9559126', 'longitude': '-93.09701371'}",1,12,5,5,Female,St. Paul,55106,Yes,Possible Injury,Yes,4,Yes,30,"Driver was WB University Ave turning left to SB Jackson, striking a pedestrian who was crossing in the crosswalk.  Driver cited.",53,
932,Pedestrian,Yes,2018-11-01T14:16:00.000,18-250327,Western District,Lexington Pkwy N & Central Ave W,County - State Aid Highway,Yes,Driver,,,,Female,St. Paul,55104,,,,"{'latitude': '44.95304929', 'longitude': '-93.14683997'}",1,17,7,17,Male,St. Paul,55104,Yes,Suspected Minor Injury,No,2,No,30,"Pedestrians were crossing WB in N crosswalk and were struck by vehicle at low speed.  Driver fled, but investigation located driver.",35,
933,Pedestrian,Yes,2018-09-04T06:32:00.000,18-202086,Western District,Randolph Ave & Sneling Ave S,County - State Aid Highway,No,None,,,,Female,St. Paul,55105,,,,"{'latitude': '44.92693157', 'longitude': '-93.16718498'}",1,6,6,25,Male,St. Paul,55119,Yes,Possible Injury,Yes,4,Yes,30,Driver was WB on Randolph from Snelling.  Pedestrian was in the street and was struck.  Minor injuries.  No citations.,60,
934,Bike,Yes,2019-04-03T12:58:00.000,19-067385,Eastern District,Mendota & Freemont,City,Yes,Driver,Male,St. Paul,55106,Female,St. Paul,55106,Yes,Suspected Minor Injury,Yes,"{'latitude': '44.95716647', 'longitude': '-93.06352842'}",1,15,2,,,,,,,,2,No,30,"UNIT 1 was backing out of the driveway at 526 MENDOTA ST.UNIT 2 was riding his bicycle south on the sidewalk on the east side of MENDOTA ST.UNIT 2 tried to stop his bicycle as he saw the vehicle pull out, but he was not able to stop in time. UNIT 2 crashed into the rear drivers side of UNIT 1.There were no reported injuries at the time.Original report completed.",26,7
935,Pedestrian,Yes,2018-12-20T14:14:00.000,18-288375,Eastern District,White Bear Ave N & Margaret St,County - State Aid Highway,Yes,Driver,,,,Female,St. Paul,55106,,,,"{'latitude': '44.9612195', 'longitude': '-93.02532495'}",1,16,2,14,Female,St. Paul,55119,Yes,Suspected Minor Injury,Yes,4,Yes,30,"Vehicle #1 was N/B on White Bear Ave, approaching Margaret, and did not stop for the pedestrian in the marked crosswalk.  Vehicle #1 hit the pedestrian, causing injuries.  The pedestrian was transported to an area hospital via medics.",69,
936,Pedestrian,Yes,2018-10-06T02:10:00.000,18-229844,Western District,Blair & Mackubin,City,No,None,,,,Unknown,Unknown,Unknown,,,,"{'latitude': '44.9611509', 'longitude': '-93.12214287'}",1,10,7,36,Male,St. Paul,55117,Yes,Possible Injury,No,2,No,30,"Driver was EB Blair, came up onto sidewalk and struck pedestrian.  Vehicle fled.",,
937,Pedestrian,Yes,2018-11-05T18:54:00.000,18-253785,Western District,Selby Ave & Snelling Ave N,State - Trunk Highway,Yes,Driver,,,,Female,Minneapolis,55404,,,,"{'latitude': '44.9465999', 'longitude': '-93.16700729'}",1,17,4,57,Male,St. Paul,55105,Yes,Suspected Serious Injury,Yes,4,Yes,30,Pedestrian crossing Snelling in N crosswalk WB and was struck by turning vehicle that then fled scene.  Driver was identified by investigator and cited later.,28,
938,Pedestrian,Yes,2019-01-20T14:50:00.000,19-014545,Western District,2121 Ford Pkwy (Lund's Parking Lot),Private,No,None,,,,Female,Minneapolis,55406,,,,"{'latitude': '44.91431234', 'longitude': '-93.18990873'}",1,6,6,63,Female,St. Paul,55116,Yes,Suspected Minor Injury,Yes,Parking Lot,No,10,Unit # 1 told us that she was in the parking lot at 2128 Ford Parkway when she was going into a parking spot and hit a pedestrian. The pedestrian suffered from a broken ankle and was transported by medics.,65,
939,Bike,Yes,2019-06-14T17:17:00.000,19-127719,Central District,Dale & Topping,County - State Aid Highway,No,None,Male,St. Paul,55104,Male,Inver Grove Heights,55076,Yes,Suspected Minor Injury,No,"{'latitude': '44.96740788', 'longitude': '-93.12638029'}",1,2,7,,,,,,,,2,Stop Sign,30,"Vehicle #1 was stopped at a stop sign on Topping St and Dale St N facing East waiting to merge into traffic. The bicyclist was riding on the sidewalk Northbound next to a blind intersection. The bicyclist ran into the front passenger side of vehicle #1 causing no damage. The bicyclist sustained minor road rash on his knees. St Paul fire cleared the bicyclist and was released on scene. Photographs taken, packet writer written.",52,15
940,Pedestrian,Yes,2019-05-21T21:55:00.000,19-105996,Western District,Franklin & Curfew,Municiapl State Aid,No,None,,,,Male,Minneapolis,55407,,,,"{'latitude': '44.96453355', 'longitude': '-93.20507249'}",1,1,4,78,Male,St. Paul,55114,Yes,Suspected Minor Injury,Yes,2,No,30,"Unit 1 was travelling Westbound on Franklin Ave at Curfew St. Unit 2 was crossing Franklin Ave at Curfew St. Unit 2 said he saw Unit 1 approaching, but attempted to run across to avoid getting hit. Unit 1 said Unit 2 was not in crosswalk. Unit 2 said he was crossing at the crosswalk.",63,
941,Pedestrian,Yes,2019-05-28T18:34:00.000,19-111942,Western District,Snelling & University,State - Trunk Highway,No,None,,,,Unknown,Unknown,Unknown,,,,"{'latitude': '44.95551741', 'longitude': '-93.16693252'}",1,17,7,51,Male,Winona,55987,No,None,No,4,Yes,30,"Veh #1 was facing NB on Snelling Ave towards University Ave. Pedestrian was walking across the crosswalk. Pedestrian stated he had the right to walk, because he had the walk sign. Veh #1 backed up in the intersection. Veh #1&#39;s tailgate struck, struck the Pedestrian in the right shoulder. Medics arrived on scene and examined Pedestrian, and he was release on his own accord. The driver was described as a white male. Veh #1&#39;s driver left before Officers arrival. and did not provide proper information. No further information.",,
942,Pedestrian,Yes,2018-09-03T15:05:00.000,18-201626,Central District,Jackson St & 14th St,Private,No,None,,,,Male,Little Canada,55117,,,,"{'latitude': '44.95441069', 'longitude': '-93.09526692'}",1,12,5,62,Male,Brooklyn Center,55430,No,None,No,2,No,10,"Driver was pulling into Regions Hosptial parking lot.  Elderly male using a walker, walked into the back of the vehicle and fell.",60,
943,Pedestrian,Yes,2019-02-15T18:30:00.000,19-033188,Western District,1450 University Ave W (Walmart),Private,No,None,,,,Male,Watson,56295,,,,"{'latitude': '44.95553866', 'longitude': '-93.16542626'}",1,17,7,57,Female,Robbinsdale,55422,Yes,Possible Injury,No,Parking Lot,No,10,"Officers responded to 1450 University Ave West on a accident with injuries. Upon arrival, Officer spoke with the complainant who stated that she was struck on her left leg causing minor injuries. Officers went and spoke with the driver of vehicle 1 (MN 622RLR - TOYOTA CAMRY) who stated that he was attempting to park his vehicle in the handicap parking spot when he drove forward and struck the complainant on her left leg.",52,
944,Pedestrian,Yes,2018-09-17T12:05:00.000,18-213827,Western District,University Ave W& Fairview,Private,No,None,,,,Female,St. Paul,55104,,,,"{'latitude': '44.95549533', 'longitude': '-93.17710304'}",1,17,4,74,Female,St. Paul,55104,Yes,Suspected Minor Injury,Yes,Parking Lot,No,10,Driver struck pedestrian while backing up in a parking lot.,74,
945,Ped2,,2019-04-16T16:05:01.000,19-077326,,,,,,,,,,,,,,,,1,,,18,Female,St. Paul,55119,,,,,,,Statistics for 2nd Pedestrian that was struck in 19-0773326,,
946,Pedestrian,Yes,2018-08-29T16:35:00.000,18-197357,Western District,Selby Ave & Milton St,County - State Aid Highway,No,None,,,,Female,Brooklyn Park,55443,,,,"{'latitude': '44.9466373', 'longitude': '-93.13909624'}",1,9,7,42,Male,St. Paul,55104,No,None,No,2,No,30,"UNIT 1, a WHEELCHAIR, was traveling eastbound in the westbound lane of Selbby Ave at Milton St N when it sideswiped UNIT 2, which was legally parked on the side of the road on Selby Ave. Driver of the motorized wheelchair said he could not see well and the sidewalks are too broken and bumpy for him to ride
on. Driver/Owner of Unit 2 was sitting in her vehicle when Unit 1 sideswiped her. Driver said Unit 1 was traveling eastbound in the westbound lane and scratched her car with the wheelchair. There were no injuries. No citations were issued as a result of this crash.",29,
947,Pedestrian,Yes,2018-11-15T18:50:00.000,18-261467,Western District,Snelling Ave N & University Ave W,County - State Aid Highway,No,None,,,,Male,Minneapolis,55435,,,,"{'latitude': '44.95560723', 'longitude': '-93.16665436'}",1,17,7,16,Female,St. Paul,55104,Yes,Suspected Minor Injury,Yes,5,Yes,30,Pestrian ran into traffic due to being chased and was struck by a vehicle.,28,
948,Pedestrian,Yes,2019-05-20T17:48:00.000,19-104961,Eastern District,Edgerton St & Jenks,County - State Aid Highway,Yes,Driver,,,,Male,St. Paul,55117,,,,"{'latitude': '44.97107353', 'longitude': '-93.07602655'}",1,13,1,64,Female,St. Paul,55103,Yes,FATAL,Yes,2,No,30,"On 05/20/2019, at approximately 1748 hours, squads were dispatched to the intersection of Edgerton St / Jenks Ave., for an accident with injuries. The caller of unit 1 called police. Unit 1 stated he was traveling N/B on Edgerton St., when he didn&#39;t see and struck unit 2. Unit 2 was transported to Regions Hospital with serious injuries. Unit 1 was cited and released on scene. See original report for further details.",23,
949,Pedestrian,Yes,2019-03-18T17:25:00.000,19-055306,Western District,Selby Ave & Western Ave,Municiapl State Aid,No,None,,,,Unknown,Unknown,Unknown,,,,"{'latitude': '44.94660864', 'longitude': '-93.11618642'}",1,9,7,38,Female,St. Paul,55423,Yes,Suspected Minor Injury,No,2,No,30,driver SB Western Ave at Selby Ave. Ped was EB on Selby Ave at Western Ave. Unit #1 collided with Unit #2 and fled the scene. Unit # 2 suffered from Minor injuries and was checked out by medics.,,
950,Pedestrian,Yes,2018-10-01T13:05:00.000,18-225758,Western District,University Ave W & Simpson St,County - State Aid Highway,No,None,,,,Unknown,Unknown,Unknown,,,,"{'latitude': '44.95574837', 'longitude': '-93.16369616'}",1,4,4,57,Female,North St. Paul,55109,Yes,Possible Injury,No,4,No,30,"Driver was WB University, making a right turn to NB Simpson. Pedestrian was crossing in marked crosswalk and was struck.  Driver then fled.",,