,crash_type,report_made,date_time,case_number,district,location,road_type,ticket_arrest,citation_to,biker_gender,biker_city_of_residence,biker_zip_code,driver_gender,driver_city_res,driver_zip_code,injury_to_biker,level_of_injury_to_biker,biker_to_hospital,location_1,count,:@computed_region_jitf_9zyt,:@computed_region_dysk_fpxp,ped_age,ped_gender,ped_city_res,ped_zip_code,injury_to_pedestrian,level_of_injury_to_ped,pedestrian_to_hospital,lanes_of_traffic,signal_present,speed_limit,synopsis,driver_age,biker_age
951,Pedestrian,Yes,2018-12-27T19:50:00.000,18-293041,Central District,10 St E & Wabasha St,Municiapl State Aid,Yes,Driver,,,,Male,St. Paul,55104,,,,"{'latitude': '44.94984252', 'longitude': '-93.09853295'}",1,12,5,32,Male,St. Paul,55101,Yes,Suspected Minor Injury,Yes,2,Yes,30,DRIVER OF VEHICLE STATED HE WAS N/B WABASHA AND WAS TURNING LEFT ONTO W/B 10TH STREET. DRIVER STATED HE DID NOT SEE THE PEDESTRIAN IN THE CROSSWALK DUE TO THE RAIN AND LIGHTING CONDITIONS UNTIL HE HAD STRUCK HIM WITH HIS VEHICLE. NO DAMAGE TO VEHICLE. CITATION ISSUED TO GORDON.PEDESTRIAN STATED HE WAS WALKING N/B WABASHA AND CROSSING 10TH STREET IN THE CROSSWALK WHEN HE WAS STRUCK BY UNIT 1. PEDESTRIAN COMPLAINED OF LEFT LEG AND KNEE PAIN. NO VISIBLE INJURIES. PEDESTRIAN WAS TRANSPORTED TO THE HOSPITAL.,46,
952,Pedestrian,Yes,2018-12-10T09:00:00.000,18-280036,Central District,5 St E & Sibley St,Municiapl State Aid,No,None,,,,Male,St. Paul,55101,,,,"{'latitude': '44.94876482', 'longitude': '-93.08826779'}",1,12,5,39,Male,Hopkins,55343,Yes,Possible Injury,Yes,2,Yes,30,"pedestrian crossing EB 5th Street at Sibley, driver did not see ped and struck him.conflicting statement about who was at fault.",33,
953,Bike,Yes,2019-06-18T17:15:00.000,19-130889,Central District,Rice & Como,County - State Aid Highway,Yes,Driver,Female,St. Paul,55103,Male,St. Paul,55104,Yes,Suspected Minor Injury,Yes,"{'latitude': '44.95904853', 'longitude': '-93.10603884'}",1,10,7,,,,,,,,2,Yes,30,"Unit 1 was driving E/B on Como Ave and took a left turn (N/B) on Rice St. Unit 2 was riding her bicycle W/B on Como Ave crossing Rice St.Unit 1 struck Unit 2 when the driver was making the left turn (N/B) on Rice St and Unit 2 was crossing Rice St. Unit 1 then fled N/B on Rice St and took a right (E/B) turn on Winter St without exchanging information. Unit 1 was a silver Ford Focus with no plates. Unit 1 was displaying a 21-day temporary permit. The driver of Unit 1 was described as a black male, short black hair, and wearing a black t-shirt.Unit 2 had minor injuries to her left leg and right arm.Unit 2 was transported to United Hospital to be treated for her non-life threatening injuries.Refer to the original report for further details.",20,33
954,Pedestrian,Yes,2019-01-04T16:13:00.000,19-002772,Western District,University Ave W & Victoria St,City,Yes,Driver,,,,Unknown,Unknown,Unknown,,,,"{'latitude': '44.9558973', 'longitude': '-93.13545659'}",1,10,7,30,Female,St. Paul,55104,No,None,No,Alley,No,10,Pedestrian got out of her vehicle and was struck by another vehicle in the alley.,,
955,Pedestrian,Yes,2018-09-27T11:00:00.000,18-222493,Western District,Summit Ave & Snelling,State - Trunk Highway,Yes,Driver,,,,Female,Minneapolis,55405,,,,"{'latitude': '44.94147733', 'longitude': '-93.16686299'}",1,17,6,22,Female,St. Paul,55104,Yes,Suspected Minor Injury,Yes,4,Yes,30,"Driver was SB Snelling, making a left turn onto EB Summit.  Pedestrian was corssing in marked crosswalk and was struck.  Driver was cited.",63,
956,Pedestrian,Yes,2018-09-12T14:36:00.000,18-209696,Central District,University Ave E & Olive St,County - State Aid Highway,Yes,Driver,,,,Female,St. Paul,55107,,,,"{'latitude': '44.95785427', 'longitude': '-93.08753031'}",1,13,5,57,Female,St. Paul,55107,No,None,No,4,Yes,30,Driver was SB Olive turning left onto EB University and struck pedestrian who was in crosswalk.,27,
957,Bike,Yes,2019-04-23T14:40:00.000,19-083012,Central District,Randolph & Chatsworth,Private,Yes,Driver,Female,St. Paul,55102,Male,St. Paul,55106,Yes,Suspected Minor Injury,No,"{'latitude': '44.92695279', 'longitude': '-93.14174795'}",1,11,5,,,,,,,,Parking Lot,No,10,Driver exiting parking lot and entering street struck biker who was riding on sidewalk.,27,28
958,Bike,Yes,2019-06-02T17:35:00.000,19-116688,Western District,Marshall & Prior,County - State Aid Highway,No,None,Female,Hermantown,55810,Female,Minneapolis,55407,Yes,Possible Injury,Yes,"{'latitude': '44.94843397', 'longitude': '-93.1825081'}",1,17,4,,,,,,,,2,No,30,"Unit 1 was traveling Westbound on Marshall Ave just before Prior. Unit 2 was biking in the bike lane heading Westbound on Marshall just before Prior Ave. Unit 1 merged into the bike lane in order to take a right hand turn onto Prior. Unit 2 struck unit 1 which caused her to start going off the road way, which also caused her to hit a light pole that was on the side of the street. Unit 2 was transported to Region&#39;s Hospital for further evaluation. (run#20119). The information provided is stated by a witness on scene at the time.",29,24
959,Pedestrian,Yes,2018-10-13T21:55:00.000,18-235916,Western District,Snelling Ave N & Laurel,State - Trunk Highway,Yes,Driver,,,,Male,Oakdale,55125,,,,"{'latitude': '44.94502794', 'longitude': '-93.16699602'}",1,17,7,47,Female,St. Paul,55104,Yes,Suspected Serious Injury,Yes,4,No,30,Pedestrian was crossing EB in a marked crosswalk.  Driver was NB Snelling and struck the pedestrian.  Driver cited for failure to yield to pedestrian in a crosalk.  Significant injuries.,76,
960,Pedestrian,Yes,2019-01-11T06:15:00.000,19-007500,Central District,Maryland Ave E & I35E Freeway,County - State Aid Highway,No,None,,,,Male,St. Paul,55106,,,,"{'latitude': '44.97692878', 'longitude': '-93.08902399'}",1,3,3,37,Male,St. Paul,55103,Yes,Possible Injury,No,4,Yes,30,"Upon arrival, V-1 state he was driving E/B on Maryland turning right S/B onto 35E south. He did not notice a pedestrian crossing going W/B he struck the pedestrian. Pedestrian initially walked away refusing medical attention.  V-1's vehicle sustained minor damages to the windshield. Pedestrian stated he was crossing at the intersection. As he walked across he noticed V-1 driving at high speeds. He was struck landing on his head or neck.",24,
961,Bike,Yes,2019-05-14T18:00:00.000,19-100038,Central District,Kellogg & Wacouta,Municiapl State Aid,No,None,Female,St. Paul,55108,Male,"Hudson, WI",54016,No,None,No,"{'latitude': '44.94770818', 'longitude': '-93.08555534'}",1,12,5,,,,,,,,2,Yes,30,"Unit #1 said she was ridding her bike S/B on the East sidewalk of Wacouta approaching Kellogg.  She tried to slow down using the brakes and dragging her feet, but was not able to stop prior to the intersection.  She rode her bike out into the intersection as Unit #2 was approaching W/B Kellogg.  She then tried to steer away from Unit #2 but was bumped as Unit #2 was stopping and she fell over.Driver Unit #2 said he was W/B Kellogg approaching Wacouta with a green light for Kellogg traffic when he saw Unit #1 ride her bike out into the roadway.  Driver Unit #2 applied his brakes and nearly came to a stop before tapping Unit #1.Witness #3 was a in a vehicle behind Unit #2 and saw the same sequence of actions.  Witness #1 and 2 were walking W/B on the North sidewalk of Kellogg approaching Wacouta and also saw the same events.Building security cameras at the Union Depot also captured the event, and a copy of the video was placed into evidence.",65,10
962,Pedestrian,Yes,2019-03-15T21:30:00.000,19-055200,Western District,Hamline Ave N & University Ave W,Municiapl State Aid,No,None,,,,Unknown,Unknown,Unknown,,,,"{'latitude': '44.95390303', 'longitude': '-93.15691712'}",1,17,7,58,Male,St. Paul,55104,Yes,Possible Injury,No,4,No,30,pedestrian walking across the street from the Herbergers parking lot to  the target parking. He stated he was on the phone when he was struck by a vehicle. He stated he had no information about the person or the vehicle.,,
963,Bike,Yes,2018-09-10T12:52:00.000,18-207649,Central District,7 St E & Kittson,State - Trunk Highway,No,None,Female,St. Louis Park,55071,Male,New Prague,56071,No,None,No,"{'latitude': '44.95477484', 'longitude': '-93.08078334'}",1,15,5,,,,,,,,4,Yes,30,Electric scooter was EB on north sidewalk when it struck vehicle that was stopped SB at 7th & Kittson.,65,26
964,Pedestrian,Yes,2018-08-27T20:49:00.000,18-195698,Western District,Marshall Ave & Prior,County - State Aid Highway,No,None,,,,Unknown,Unknown,Unknown,,,,"{'latitude': '44.94843599', 'longitude': '-93.18273618'}",1,17,4,38,Male,St. Paul,55103,Yes,Possible Injury,Yes,3,Yes,30,Pedestrian was on a skateboard in the street when struck by an unknown vehicle that fled.  Pedestrian was not cooperative with the investigation.,,
965,Pedestrian,Yes,2018-11-17T09:00:00.000,18-262461,Central District,6 St E & Sibley St,Municiapl State Aid,No,None,,,,Male,Minneapolis,55413,,,,"{'latitude': '44.94941218', 'longitude': '-93.08888593'}",1,12,5,66,Female,St. Paul,55101,Yes,Possible Injury,No,3,Yes,30,Driver of Vehicle #1 was slowing in traffic while northbound Sibley St. approaching 6th St.  Driver of vehicle #1 stopped for red light at 6th St.  Pedestrian #2 began to walk on walk signal at marked crosswalk eastbound 6th St. Driver of Veh. #1 then slowly moved forward and bumped the pedestrian.  p,73,
966,Pedestrian,Yes,2019-06-24T07:29:00.000,19-136000,Central District,6th & Cedar,Municiapl State Aid,Yes,Driver,,,,Female,Minneapolis,55408,,,,"{'latitude': '44.947102', 'longitude': '-93.093976'}",1,12,5,70,Male,St. Paul,55101,Yes,Suspected Minor Injury,Yes,3,Yes,30,Driver admitted that she did not see the pedestrian in the crosswalk and proceeded into the intersection striking the victim.,66,
967,Bike,Yes,2018-12-05T17:35:00.000,18-276732,Western District,Dale St N & Minnehaha Ave W,County - State Aid Highway,No,None,Male,St. Paul,55103,,,,No,None,No,"{'latitude': '44.96303838', 'longitude': '-93.1267229'}",1,10,7,,,,,,,,2,No,30,"Unit # 1 crossed the road way when unit #2 was riding his bicycle east bound on Minnehaha Ave approaching Dale St N, when Unit #1 made contact with rear bicycle tire and then fled.  Hit & Run.",,39
968,Pedestrian,Yes,2019-04-05T13:57:00.000,19-068967,Western District,University & Lexington (1166 University),Private,No,None,,,,Male,Woodbury,55125,,,,"{'latitude': '44.95463977', 'longitude': '-93.14922716'}",1,17,7,68,Male,St. Paul,55102,Yes,Possible Injury,Yes,Parking Lot,No,10,Vehicle backing in parking lot and struck pedestrian.,65,
969,Pedestrian,Yes,2018-09-25T09:47:00.000,18-220502,Eastern District,Phalen Blvd & Arkwright,Private,No,None,,,,Male,Maplewood,55109,,,,"{'latitude': '44.965546', 'longitude': '-93.083579'}",1,13,3,34,Female,Brooklyn Park,55444,Yes,Suspected Minor Injury,Yes,Parking Lot,Yes,10,driver backed out a parking stall and struck the pedestrian.,54,
970,Pedestrian,Yes,2019-05-07T16:40:00.000,19-096850,Central District,Robert & Fillmore,State - Trunk Highway,No,None,,,,Unknown,Unknown,Unknown,,,,"{'latitude': '44.94133609', 'longitude': '-93.08503696'}",1,7,5,40,Male,Eagan,55121,Yes,Possible Injury,No,2,Yes,30,Unit 2 was walking southbound on Robert StMV 1 was driving westbound Filmore attempting to make a right hand turn. MV 1 struck Unit 2,,
971,Pedestrian,Yes,2019-03-21T06:04:00.000,19-057279,Central District,John Ireland & Kellogg,Municiapl State Aid,No,None,,,,Male,Stillwater,55082,,,,"{'latitude': '44.94896023', 'longitude': '-93.10724059'}",1,12,5,53,Male,North St. Paul,55109,Yes,FATAL,Yes,4,Yes,30,driver struck pedestrian #1 in the intersection of John Ireland and Kellogg Ave. Unit #1 was heading south bound on Kellogg Blvd W crossing through the intersection at John Ireland Blvd.,47,
972,Bike,Yes,2018-09-16T14:00:00.000,18-213088,Central District,7 Pl E & Rober St N,State - Trunk Highway,No,None,Male,St. Paul,55108,Female,Inver Grove Heights,55076,Yes,Suspected Minor Injury,No,"{'latitude': '44.94972561', 'longitude': '-93.09309047'}",1,12,5,,,,,,,,4,Yes,30,"Driver was SB on Rober, making a left turn to EB 7th, struck biker.  Did not see him.",64,71
973,Pedestrian,Yes,2018-10-06T21:02:00.000,18-230403,Western District,University Ave W & Galtier,County - State Aid Highway,No,None,,,,Female,St. Paul,55104,,,,"{'latitude': '44.95591066', 'longitude': '-93.11063901'}",1,10,7,51,Male,Minneapolis,55404,No,None,No,4,No,30,Driver was WB University.  Pedestrian ran into street (claimed he was being chased).,65,
974,Bike,Yes,2019-06-06T11:31:00.000,19-120337,Western District,Dunlap & University,City,Yes,Driver,Male,St. Paul,55104,Male,New Brighton,55112,Yes,Possible Injury,no,"{'latitude': '44.95550387', 'longitude': '-93.14918091'}",1,17,7,,,,,,,,2,Stop Sign,30,"Veh #1 n/b Dunlap St NBicyclist w/b University Ave W riding on sidewalk on the south side of the streetVeh #1 pulled out into the marked crosswalkBicyclist struck Veh #1 as it entered the marked crosswalkMedic #5, Run #20670 arrived on scene and did not transport the bicyclist to the hospital.I took photos of the scene and issued Driver #1 a citation (Citation #620907454054) for stopping in a marked crosswalk.Packet writer report completed.",38,21
975,Pedestrian,Yes,2019-06-01T00:11:00.000,19-115290,Central District,7 St W & Walnut,Private,No,None,,,,Male,West St. Paul,55118,,,,"{'latitude': '44.9423146', 'longitude': '-93.10549901'}",1,11,5,52,Male,St. Paul,55116,No,None,No,Parking Lot,No,10,"Unit #2 was struck by Unit #1 while backing up, after attempting to pull out onto the street to head eastbound on 7th St from 325 Walnut parking lot. Unit #1 noticed a vehicle coming and had to back up into the parking to avoid being hit by another vehicle.",30,
976,Pedestrian,Yes,2018-09-05T16:45:00.000,18-203455,Western District,Grand Ave & Chatsworth,Municiapl State Aid,Yes,Driver,,,,Female,St. Paul,55105,,,,"{'latitude': '44.939973', 'longitude': '-93.14151'}",1,8,5,33,Female,St. Paul,55102,Yes,Suspected Minor Injury,Yes,3,Stop Sign,30,"Driver was SB Chatsworth, making left to EB Grand.  Pedestrian was walking SB in marked crosswalk.  Driver cited.",80,
977,Bike,Yes,2019-06-29T13:25:00.000,19-140970,Central District,Richmond & St. Clair,Municiapl State Aid,No,None,Male,St. Paul,55102,Unknown,Unknown,Unknown,Yes,Suspected Serious Injury,Yes,"{'latitude': '44.93415501', 'longitude': '-93.11840798'}",1,11,5,,,,,,,,2,Yes,s,The driver of Unit #1 was making a right turn to go south onto St. Clair Ave from Richmond St when it struck a bicyclist attempting to cross St. Clair Ave at the intersection.  The driver of unit #1 spoke briefly with the bicyclist then left the area. There is no information for the driver of Unit #1.,,39
978,Pedestrian,Yes,2019-01-05T12:14:00.000,19-003366,Eastern District,Maryland Ave E & Hazelwood St,County - State Aid Highway,Yes,Driver,,,,Male,Coon Rapids,55433,,,,"{'latitude': '44.97749864', 'longitude': '-93.03543948'}",1,14,1,23,Female,St. Paul,55106,Yes,Suspected Minor Injury,No,4,Yes,30,"Pedestrian was crossing Maryland, N/B in the Eastern most crosswalk of Hazelwood, on the green light.  Vehicle #1 was S/B on Hazelwood, making a left turn, said he was blinded by the sun, did not see the pedestrian and bumped her, knocking her over.The pedestrian was checked my SPFD Medic 9, Run #614.  She complained of a knee injury, but declined transport. Driver #1 was issued a citation for failure to yield to a pedestrian in a crosswalk.",39,
979,Bike,Yes,2018-08-24T10:55:00.000,18-192683,Central District,I35E & St. Clair,Municiapl State Aid,Yes,Driver,Male,White Bear Lake,55110,Female,Roseville,55113,No,None,No,"{'latitude': '44.93430314', 'longitude': '-93.12554643'}",1,11,5,,,,,,,,4,No,30,Vehicle #1 East bound on St.Clair Ave. and in the procrss of making a left turn onto Hwy 35E on ramp. Bicyclist West bound on St. Clair Ave. and was in the crosswalk at Hwy 35E on ramp. Vehicle #1 did not yield for the bicyclist and proceeded through with turn and struck bicyclist.  Driver cited.,56,43
980,Pedestrian,Yes,2019-02-15T18:19:00.000,19-033177,Western District,Englewood & Simpson,City,Yes,Driver,,,,Male,Maplewood,55109,,,,"{'latitude': '44.96402027', 'longitude': '-93.16370962'}",1,4,4,39,Female,St. Paul,55106,Yes,Suspected Minor Injury,Yes,2,Stop Sign,30,"Driver of Veh 1 stated he was traveling west on Englewood Ave towards Simpsons St. Veh 1 was moving over to try and squeeze his vehicle between the streets with another vehicle coming eastbound on Englewood Ave. Veh 1 struck a pedestrian standing on the north side of the street next to her vehicle. Pedestrian stated she was at her vehicle driver side door trying to get into her vehicle. She observed a vehicle coming at her left and another one at her right. As she turned to the right, she was truck by the veh 1 that was traveling westbound on Englewood Ave. Pedestrian was transported to Regions Hospital by Medic 14. Veh 1 was cited for failing to drive with due care. See SPPD original report.",41,
981,Pedestrian,Yes,2019-03-11T17:16:00.000,19-049976,Western District,Selby Ave & Grotto,City,No,None,,,,Unknown,Unknown,Unknown,,,,"{'latitude': '44.94660837', 'longitude': '-93.13134867'}",1,9,7,61,Female,St. Paul,55102,Yes,Suspected Serious Injury,Yes,2,No,30,"Officers spoke to witnesses who stated Driver was traveling n/b on Grotto Street and turned right, e/b towards Selby Avenue at the intersection and struck Ped.  Ped was transported by St. Paul Medics for non life threaten injuries.",,
982,Pedestrian,Yes,2018-11-25T16:30:00.000,18-268534,Central District,George St W & Winslow,Municiapl State Aid,No,None,,,,Unknown,Unknown,Unknown,,,,"{'latitude': '44.92964678', 'longitude': '-93.08824857'}",1,7,5,9,Male,St. Paul,55107,Yes,Suspected Minor Injury,Yes,2,No,30,Juvenile male crossing George was struck by Hit & Run driver.  Limited information available.,,
983,Ped2,,2019-06-10T12:07:02.000,19-123887,,,,,,,,,,,,,,,"{'latitude': '44.95006082', 'longitude': '-93.08786498'}",1,12,5,46,Female,St. Paul,55101,Yes,Suspected Minor Injury,No,,,,stats for 3rd ped,,
984,Pedestrian,Yes,2018-12-15T22:44:00.000,18-284817,Western District,Griggs & Concordia,Municiapl State Aid,Yes,Driver,,,,Female,St. Paul,55103,,,,"{'latitude': '44.9511324', 'longitude': '-93.15166852'}",1,17,7,35,Male,St. Paul,55104,Yes,Suspected Minor Injury,Yes,2,No,30,Unit 1 struck pedestrian in marked crosswalk. Pedestrian was transported to regions. Driver of unit 1 was cited and released.,38,
985,Pedestrian,Yes,2019-02-26T15:45:00.000,19-040947,Western District,Snelling Ave S & St Clair Ave,Municiapl State Aid,No,None,,,,Male,St. Paul,55105,,,,"{'latitude': '44.93423379', 'longitude': '-93.16691108'}",1,5,6,64,Male,Landfall,55128,Yes,Suspected Minor Injury,No,2,Yes,30,"Unit 2 stated he was hit by unit 1 the day before (02/26/2019). Unit 2 stated he was walking on the side walk when two men startled him. Unit 2 stated he decided to walk in the flow of traffic to avoid the males and was struck from behind, fell and hit his head. Unit 2 stated he did not loose consciousness. Officers noted there were no visible injuries. Unit 2 did not give a reason why he did not call the police when the incident happened. Unit 1 did stop and exchange insurance information with Unit 2. Officers did not receive insurance information from unit 1 due to the accident happening the day before officers were called.",71,
986,Bike,No,2018-10-04T17:30:00.000,NONE,Western District,Hamline Ave N & Edmund Ave,Municiapl State Aid,No,None,,,,Unknown,Unknown,Unknown,No,None,,"{'latitude': '44.958408', 'longitude': '-93.157416'}",1,4,4,70,Male,Unknown,Unknown,,,No,2,No,30,"E-Mail from witness: An elderly man riding his bicycle northbound in the Hamline bike lane was struck by a southbound car turning left on Edmund. The driver seemed shocked and upset and the man on his bicycle was talking fine and was able to walk (albeit with a limp).

I stopped to help, and was able to provide paper and a pen for them to exchange information. Neither party wanted to call anyone, but the cyclist who was hit by the driver does have the driver's insurance number and cell phone.

Just thought you'd want the info.  This occurred at about 5:30pm on 10/04/2018 at the intersection of Edmund and Hamline",,
987,Pedestrian,Yes,2018-09-02T01:13:00.000,18-200561,Western District,Aurora Ave & Dale St N,County - State Aid Highway,No,None,,,,Female,Little Canada,55117,,,,"{'latitude': '44.95488349', 'longitude': '-93.12642318'}",1,9,7,52,Male,Minneapolis,55403,Yes,Suspected Serious Injury,Yes,4,No,30,Driver was SB on Dale making a right to WB Aurora.  Pedestrian was crossing Aurora and was struck by driver.,19,
988,Pedestrian,Yes,2019-05-02T22:43:00.000,19-090608,Eastern District,Arkwright & Lawson,Municiapl State Aid,No,None,,,,Female,Minneapolis,55411,,,,"{'latitude': '44.97279806', 'longitude': '-93.08368728'}",1,13,3,41,Female,St. Paul,55130,No,None,No,2,No,30,Veh 1 was traveling North on Arkwright when it turned to go South in front of 1051 Arkwright St. Veh 2 was parked in front of 1051 Arkwright St. Ped 1 was standing next to Veh 2. Veh 1 swerved and struck Veh 2 and Ped 1. Veh 1 then fled the scene.Ped 1 reported injuries but refused medical attention. A SPPD report was also made. Photos were taken at the scene.,38,
989,Pedestrian,Yes,2019-06-14T22:08:00.000,19-127954,Central District,Robert & Annapolis,City,Yes,Driver,,,,Female,West St. Paul,55118,,,,"{'latitude': '44.91962441', 'longitude': '-93.08072066'}",1,7,5,27,Female,Hastings,55033,Yes,Possible Injury,Yes,2,No,30,MV 1 was traveling westbound on Annapolis. MV 1 turned southbound from Annapolis to Robert street and struck a pedestrian in the cross walk. The pedestrian had the walk sign to cross the road way according to the witness,18,
990,Pedestrian,Yes,2018-11-06T06:34:00.000,18-254037,Central District,Larptenteur Ave E & Wanda St,County - State Aid Highway,No,None,,,,Male,St. Paul,55108,,,,"{'latitude': '44.99175948', 'longitude': '-93.09782651'}",1,3,3,16,Female,Minneapolis,55404,Yes,Suspected Minor Injury,Yes,4,No,30,Driver EB Larpenteur and clipped pedestrian with mirror.,50,
991,Pedestrian,Yes,2018-10-28T19:42:00.000,18-247253,Central District,Smith Ave S & Baker St W,City,No,None,,,,Male,"Marietta, GA",30068,,,,"{'latitude': '44.92660179', 'longitude': '-93.10191088'}",1,7,5,11,Female,St. Paul,55107,Yes,Suspected Minor Injury,No,2,No,30,Vehicle was SB on Smith.  11 y/o pedestrian ran across (darted) street and was struck.  No injury.,76,
992,Pedestrian,Yes,2019-05-24T18:00:00.000,19-108515,Central District,Randolph & Shepard,County - State Aid Highway,Yes,Driver,,,,Female,St. Paul,55104,,,,"{'latitude': '44.92718749', 'longitude': '-93.11999551'}",1,11,5,29,Female,St. Paul,55102,Yes,Suspected Minor Injury,Yes,4,Yes,30,UNIT #1 WAS DRIVING SB FROM RANDOLPH AVE AND TURNING EB ONTO SHEPARD ROAD. DRIVER OF UNIT #1 ADMITTED SHE WAS ACCESSING BANKING INFORMATION ON HER PHONE WHILE DRIVING. UNIT #1 TURNED EB ONTO SHEPARD RD AND CROSSED A CROSS-WALK. A PEDESTRIAN WAS IN THE CROSS WALK AND WAS STRUCK BY UNIT #1 ON THE FRONT PASSENGER SIDE OF THE FENDER AND HOOD.,27,
993,Pedestrian,Yes,2018-12-14T07:38:00.000,18-283551,Eastern District,Atlantic & Ross,City,No,None,,,,Unknown,Unknown,Unknown,,,,"{'latitude': '44.96625081', 'longitude': '-93.05090601'}",1,15,1,7,Male,St. Paul,55106,No,None,No,2,No,30,safe routes to school.  Ped struck while crossing street to get to bus.  Hit and run.,,
994,Pedestrian,Yes,2019-01-09T01:48:00.000,19-003856,Central District,Cedar St & 6th St,Municiapl State Aid,Yes,Driver,,,,Male,South St. Paul,55075,,,,"{'latitude': '44.94715479', 'longitude': '-93.09398042'}",1,12,5,37,Female,Minneapolis,55407,No,None,No,2,Yes,30,"On 1-6-2019 at 0148 hours, Officers responded to an accident with injuries at 480 Cedar Ave (Hunan Garden). Off-Duty officer reported that  a female was struck by a vehicle. Upon arrival, Officers observed a vehicle with severe front end damage that hit a business building and one pedestrian. V-1 also struck a transit circuit braker that was near the building. V-1 was immediately apprehended and taken to the Hospital for blood drawl. V-2 complained of leg pain. V-2 was transported to Regions where she was treated for her injuries. Dr.&#39;s at Regions stated V-2 did not sustain any injuries. V-1 was booked at the LEC for Felony DWI.",29,
995,Pedestrian,Yes,2019-01-24T14:50:00.000,19-017235,Western District,Moore St & Merriam,City,Yes,Driver,,,,Male,Farmington,55024,,,,"{'latitude': '44.95095326', 'longitude': '-93.18409925'}",1,17,4,19,Female,Shoreview,55403,Yes,Suspected Minor Injury,Yes,2,No,30,Driver slid on ice and hit pedestrian at low speeds.  Investigator cited drier for no insurance.,40,
996,Bike,Yes,2018-12-05T19:15:00.000,18-276783,Western District,Summit Ave & Cretin Ave,County - State Aid Highway,No,None,Male,St. Paul,55104,Female,St. Paul,55105,No,None,No,"{'latitude': '44.9414433', 'longitude': '-93.19273455'}",1,5,4,,,,,,,,4,Yes,30,"UNIT 1 was traveling southbound in the left lane on Cretin Ave at Summit Ave when it crashed into UNIT 2, which was also traveling southbound in the left lane of Cretin Ave at Summit Ave.UNIT 2, a bicycle, was stopped and attempting to make a left turn eastbound onto Summit Ave when UNIT 1 crashed into him.DRIVER OF UNIT 1, said she was traveling through the intersection and did not see UNIT 2 until the last minute when she tried to brake suddenly.  DRIVER OF UNIT 1 said she could not clearly see the bicyclist due to oncoming car headlights and it being a busy intersection.UNIT 2, the bicyclist was checked out by Medics and cleared on scene with no apparent injuries.  Bicyclist said he was not struck by the car at all, the car hit his rear tire and bent it, which caused him to fall off the bicycle.Witness on scene corroborated the statement of driver of Unit 1.UNIT 1 had minor, non-disabling damage.  Driver of Unit 1 was Valid DL and VALID INSURANCE.NO ARRESTS MADE.  NO CITATIONS issued.END OF REPORT.",71,29
997,Pedestrian,Yes,2018-12-27T20:30:00.000,18-293063,Western District,Snelling Ave N & University Ave W,State - Trunk Highway,Yes,Driver,,,,Female,St. Paul,55117,,,,"{'latitude': '44.95553662', 'longitude': '-93.16682523'}",1,17,7,36,Male,Chaska,55318,Yes,Suspected Minor Injury,Yes,4,Yes,30,"Unit 1 was stopped at a solid green light in the southbound lanes of Snelling Ave N at the intersection of University Ave W. Unit 1 made a left hand turn onto eastbound University Ave W when she collided with the pedestrian. The pedestrian attempted to walk from the median light rail platform to the south sidewalk on University Ave W. After the collision, the pedestrian fell to the ground which caused pain to the right side of his mid section. Unit 1 advised her vehicle had two small children inside the vehicle and one of the children did not have a seat belt on which caused her to bump her mouth which caused slight bleeding. The driver of Unit 1 stayed on scene but the vehicle did not as another passenger drove the vehicle away from the scene.Metro Transit PD and SPFD Medic #14 arrived on scene. The pedestrian was transported to Regions Hospital due to complaint of the pain to the right side of his midsection. The driver of Unit 1 was cited for Driving After Revocation, NO Insurance-Driver and Failed to Yield to Pedestrian in Crosswalk. Nothing further.",42,